customer_id,number_of_orders,revenue,mean_check,days_from_purchase,target
,1905,1264873.6799997522,663.97568503924,1,1
12346.0,1,77183.6,77183.6,287,0
12347.0,6,4085.180000000001,680.8633333333336,1,0
12348.0,4,1797.2400000000002,449.31000000000006,37,0
12350.0,1,334.40000000000003,334.40000000000003,272,0
12352.0,7,2194.31,313.47285714285715,34,1
12353.0,1,89,89,166,0
12354.0,1,1079.4,1079.4,194,0
12355.0,1,459.4,459.4,176,0
12356.0,2,2753.080000000001,1376.5400000000004,207,1
12358.0,1,484.85999999999996,484.85999999999996,112,0
12359.0,4,6372.5800000000045,1593.1450000000011,19,0
12360.0,3,2662.0600000000018,887.3533333333339,14,0
12361.0,1,189.89999999999998,189.89999999999998,249,0
12362.0,8,4219.250000000002,527.4062500000002,4,1
12363.0,2,551.9999999999999,275.99999999999994,71,0
12364.0,3,1002.7800000000002,334.26000000000005,2,0
12365.0,2,641.38,320.69,253,0
12370.0,4,3545.6899999999982,886.4224999999996,13,0
12371.0,2,1887.9600000000003,943.9800000000001,6,0
12372.0,3,1298.0399999999997,432.6799999999999,33,0
12373.0,1,364.6,364.6,273,0
12375.0,1,230.3,230.3,60,1
12377.0,2,1628.1199999999997,814.0599999999998,277,0
12378.0,1,4008.62,4008.62,91,0
12379.0,2,852.2399999999999,426.11999999999995,43,0
12380.0,3,1684.4199999999994,561.4733333333331,18,1
12381.0,3,1279.2399999999998,426.41333333333324,20,1
12383.0,5,1850.56,370.11199999999997,146,0
12384.0,1,292.69,292.69,83,1
12386.0,2,401.9,200.95,299,0
12388.0,5,2494.259999999999,498.85199999999975,37,1
12390.0,1,549.8399999999999,549.8399999999999,41,0
12393.0,4,1582.6,395.65,34,0
12394.0,2,1272.48,636.24,25,0
12395.0,9,2246.250000000001,249.58333333333343,28,1
12397.0,1,1214.8099999999997,1214.8099999999997,97,1
12398.0,1,1635.6600000000005,1635.6600000000005,7,0
12399.0,4,1108.6500000000003,277.1625000000001,81,0
12401.0,1,84.3,84.3,265,0
12402.0,1,225.60000000000002,225.60000000000002,285,0
12403.0,1,427.70000000000005,427.70000000000005,11,0
12405.0,1,1710.39,1710.39,110,0
12406.0,1,1621.2500000000005,1621.2500000000005,145,1
12407.0,5,1708.12,341.62399999999997,11,0
12408.0,4,2134.0499999999993,533.5124999999998,60,1
12409.0,3,11072.669999999996,3690.889999999999,40,0
12410.0,2,693.33,346.665,270,0
12412.0,3,1226.88,408.96000000000004,36,0
12413.0,3,758.1000000000003,252.70000000000007,28,0
12414.0,3,562.41,187.47,179,0
12415.0,17,118559.6499999998,6974.097058823518,27,1
12417.0,8,3279.369999999999,409.9212499999999,1,1
12418.0,1,668.5799999999998,668.5799999999998,74,0
12420.0,1,600.3900000000001,600.3900000000001,25,0
12421.0,3,628.56,209.51999999999998,76,1
12422.0,3,803.5599999999997,267.85333333333324,57,0
12423.0,7,1650.67,235.81,62,0
12424.0,2,1760.9599999999998,880.4799999999999,124,0
12425.0,1,777.1999999999999,777.1999999999999,40,0
12426.0,1,582.73,582.73,156,0
12427.0,2,586.08,293.04,22,1
12428.0,8,7548.120000000006,943.5150000000008,82,1
12429.0,3,2844.8799999999997,948.2933333333332,134,1
12430.0,1,256.40000000000003,256.40000000000003,5,0
12431.0,14,5886.010000000002,420.42928571428587,22,1
12432.0,5,5059.320000000001,1011.8640000000001,4,0
12433.0,4,7893.889999999996,1973.472499999999,5,1
12434.0,2,806.1399999999995,403.06999999999977,46,0
12435.0,2,7829.89,3914.945,41,0
12436.0,1,509.01000000000005,509.01000000000005,61,0
12437.0,13,3297.4699999999984,253.65153846153834,5,1
12438.0,1,890.0699999999998,890.0699999999998,102,1
12441.0,1,173.55,173.55,328,0
12444.0,4,4068.82,1017.205,20,1
12446.0,1,1002.3099999999998,1002.3099999999998,19,0
12447.0,1,476.49,476.49,205,0
12448.0,1,449.45000000000005,449.45000000000005,6,0
12449.0,3,2724.5800000000013,908.1933333333337,53,1
12450.0,2,197.88,98.94,118,0
12451.0,3,7847.3799999999965,2615.793333333332,27,1
12453.0,1,707.09,707.09,96,0
12454.0,1,3528.3400000000006,3528.3400000000006,18,0
12455.0,6,2466.8600000000015,411.1433333333336,35,0
12456.0,3,3181.0399999999995,1060.3466666666666,6,0
12457.0,7,2363.2300000000005,337.60428571428577,28,0
12458.0,2,947.4000000000002,473.7000000000001,33,0
12461.0,2,826.88,413.44,56,0
12462.0,1,762.1100000000001,762.1100000000001,265,1
12463.0,4,1344.78,336.195,15,0
12464.0,6,780.55,130.09166666666667,68,1
12465.0,1,440.94,440.94,131,1
12468.0,2,729.54,364.77,149,0
12471.0,23,14165.539999999988,615.8930434782603,27,1
12472.0,6,6304.03,1050.6716666666666,13,1
12473.0,3,2884.2299999999996,961.4099999999999,15,1
12474.0,16,6197.0599999999995,387.31624999999997,12,1
12475.0,1,723.38,723.38,15,0
12476.0,9,4822.430000000002,535.8255555555558,7,1
12477.0,5,11182.050000000016,2236.410000000003,18,1
12480.0,3,2144.949999999999,714.983333333333,105,1
12481.0,9,5409.520000000001,601.0577777777779,27,1
12483.0,7,2078.260000000001,296.8942857142859,2,1
12484.0,4,3663.150000000001,915.7875000000003,62,1
12488.0,2,767.4500000000002,383.7250000000001,1,1
12489.0,1,334.93,334.93,298,0
12490.0,6,3552.589999999998,592.098333333333,55,1
12492.0,2,263.21000000000004,131.60500000000002,25,0
12493.0,2,433.74,216.87,127,0
12494.0,6,1083.6000000000006,180.6000000000001,2,1
12497.0,1,1043.1,1043.1,43,0
12498.0,1,247.25,247.25,19,1
12500.0,10,3640.78,364.07800000000003,11,1
12501.0,1,2169.3900000000003,2169.3900000000003,298,0
12502.0,5,3723.8700000000003,744.7740000000001,57,0
12506.0,1,73.50000000000003,73.50000000000003,194,0
12507.0,3,1304.81,434.93666666666667,96,0
12509.0,1,176.5,176.5,246,0
12510.0,2,982.57,491.285,104,0
12512.0,2,138.02999999999997,69.01499999999999,28,0
12513.0,1,612.29,612.29,74,0
12514.0,1,1017.6800000000001,1017.6800000000001,229,0
12515.0,1,383.69999999999993,383.69999999999993,315,0
12516.0,2,1312.0600000000002,656.0300000000001,39,0
12517.0,3,1955.8999999999996,651.9666666666666,35,1
12518.0,3,1230.7900000000002,410.2633333333334,20,1
12519.0,1,340.84000000000003,340.84000000000003,25,0
12520.0,5,2634.259999999997,526.8519999999994,41,0
12521.0,1,599.6800000000001,599.6800000000001,104,0
12522.0,2,192.71999999999997,96.35999999999999,1,0
12523.0,10,1527.35,152.73499999999999,5,1
12524.0,7,4177.920000000002,596.8457142857145,25,1
12526.0,2,1039.58,519.79,15,0
12527.0,3,348.71000000000004,116.23666666666668,43,0
12528.0,5,1561.8800000000006,312.3760000000001,25,1
12530.0,4,1662.28,415.57,21,0
12534.0,1,1089.1799999999996,1089.1799999999996,92,0
12535.0,2,716.3499999999999,358.17499999999995,53,0
12536.0,3,12601.829999999996,4200.609999999999,5,0
12539.0,3,4517.69,1505.8966666666665,224,1
12540.0,15,11938.26,795.884,14,1
12541.0,2,536.14,268.07,135,1
12545.0,2,1000.3899999999998,500.1949999999999,37,0
12546.0,2,1161.5000000000005,580.7500000000002,8,0
12547.0,2,207.79999999999998,103.89999999999999,159,0
12548.0,1,95.19999999999999,95.19999999999999,128,0
12550.0,1,964.8299999999997,964.8299999999997,41,0
12551.0,1,168,168,319,0
12552.0,1,317.82000000000005,317.82000000000005,1,1
12553.0,8,2897.139999999998,362.14249999999976,20,1
12556.0,2,603.7099999999998,301.8549999999999,12,0
12557.0,4,9000.96,2250.24,120,1
12559.0,2,561.71,280.855,272,0
12560.0,2,1436.31,718.155,74,0
12561.0,1,238.84999999999997,238.84999999999997,264,0
12562.0,5,2507.4700000000003,501.494,18,1
12564.0,1,456.90000000000003,456.90000000000003,223,0
12565.0,1,145.92000000000002,145.92000000000002,250,0
12566.0,1,351.65000000000003,351.65000000000003,48,0
12567.0,9,7849.980000000005,872.2200000000006,58,1
12569.0,21,2874.4000000000005,136.87619047619052,6,1
12571.0,2,519.6099999999999,259.80499999999995,1,0
12572.0,1,532.7400000000001,532.7400000000001,13,0
12573.0,1,160.54,160.54,189,0
12574.0,1,218.45,218.45,277,0
12576.0,4,936.55,234.1375,57,1
12577.0,1,195.89,195.89,321,1
12578.0,1,1608.66,1608.66,292,1
12579.0,1,440.42,440.42,40,0
12580.0,1,415.70000000000005,415.70000000000005,208,0
12581.0,1,197.70999999999998,197.70999999999998,1,0
12582.0,2,511.36,255.68,200,0
12583.0,12,5414.440000000002,451.20333333333355,20,1
12584.0,7,1723.4500000000007,246.20714285714297,2,1
12585.0,2,2040.1000000000015,1020.0500000000008,196,0
12588.0,1,214.89999999999998,214.89999999999998,1,0
12589.0,1,131.5,131.5,106,1
12590.0,2,9864.26,4932.13,173,0
12591.0,1,452.84999999999997,452.84999999999997,279,0
12592.0,2,437.59999999999997,218.79999999999998,54,0
12593.0,3,418.09999999999997,139.36666666666665,70,0
12594.0,9,3252.2999999999993,361.36666666666656,8,1
12596.0,2,618.2700000000001,309.13500000000005,13,0
12597.0,3,3605.259999999999,1201.7533333333329,2,1
12598.0,5,1946.1399999999999,389.22799999999995,33,1
12599.0,6,857.0400000000002,142.84000000000003,88,1
12600.0,9,2219.46,246.60666666666668,46,1
12601.0,5,577.06,115.41199999999999,151,0
12602.0,1,153.12,153.12,20,0
12604.0,2,254.17999999999995,127.08999999999997,41,0
12607.0,1,1579.5100000000007,1579.5100000000007,22,0
12609.0,3,1126.8500000000001,375.61666666666673,40,0
12610.0,4,1851.340000000001,462.83500000000026,5,1
12611.0,1,1193.3200000000002,1193.3200000000002,14,0
12612.0,1,704.04,704.04,36,0
12613.0,5,3344.380000000001,668.8760000000002,19,1
12614.0,1,315.59999999999997,315.59999999999997,239,0
12615.0,2,1211.3899999999994,605.6949999999997,33,1
12616.0,2,713.3000000000001,356.65000000000003,57,0
12619.0,7,2760.38,394.34000000000003,39,1
12620.0,2,939.3200000000002,469.6600000000001,42,1
12621.0,18,11891.190000000002,660.6216666666668,14,1
12622.0,1,180.10000000000002,180.10000000000002,194,0
12623.0,1,305.1000000000001,305.1000000000001,238,0
12624.0,2,641.13,320.565,68,0
12625.0,2,2683.8199999999997,1341.9099999999999,173,0
12626.0,8,6368.509999999997,796.0637499999996,5,1
12627.0,6,3911.5500000000006,651.9250000000001,26,1
12628.0,1,333.64000000000004,333.64000000000004,26,1
12630.0,1,701.7900000000002,701.7900000000002,5,1
12631.0,1,640.5,640.5,19,0
12633.0,4,2163.98,540.995,20,0
12635.0,2,1689.1800000000007,844.5900000000004,51,0
12637.0,8,6021.899999999996,752.7374999999995,29,0
12639.0,1,486.09999999999997,486.09999999999997,200,0
12640.0,1,764.5899999999999,764.5899999999999,43,1
12641.0,1,185.9,185.9,77,0
12642.0,2,658.4100000000001,329.20500000000004,12,1
12643.0,6,3344.64,557.4399999999999,90,0
12644.0,1,477.9099999999999,477.9099999999999,91,0
12645.0,3,1310.8600000000004,436.95333333333343,71,1
12646.0,1,731.6899999999998,731.6899999999998,11,0
12647.0,11,3401.670000000002,309.24272727272745,40,1
12648.0,1,318.05,318.05,116,0
12649.0,3,623.51,207.83666666666667,69,0
12651.0,1,114.00000000000001,114.00000000000001,296,0
12652.0,1,919.98,919.98,293,0
12653.0,2,2209.850000000001,1104.9250000000004,110,0
12654.0,3,337.7500000000001,112.58333333333337,159,1
12656.0,4,3465.420000000001,866.3550000000002,34,1
12657.0,2,660.9399999999999,330.46999999999997,4,1
12662.0,8,3175.28,396.91,14,1
12664.0,6,2921.88,486.98,20,1
12665.0,1,63,63,286,0
12667.0,1,620.13,620.13,20,0
12668.0,3,2924.4700000000016,974.8233333333338,221,1
12669.0,3,2744.0300000000007,914.6766666666668,112,0
12670.0,3,1634.47,544.8233333333334,60,1
12672.0,1,225.9,225.9,291,0
12673.0,1,220.90000000000003,220.90000000000003,288,0
12674.0,3,1402.0000000000002,467.3333333333334,53,1
12676.0,5,1149.73,229.946,32,1
12678.0,12,17628.460000000003,1469.0383333333336,4,0
12679.0,4,1113.02,278.255,20,0
12680.0,3,613.36,204.45333333333335,35,0
12681.0,18,11269.230000000009,626.0683333333338,5,1
12682.0,24,9225.789999999999,384.4079166666666,22,1
12683.0,13,7679.089999999999,590.6992307692307,12,1
12684.0,5,1627.2399999999996,325.4479999999999,25,1
12685.0,5,2449.9599999999987,489.99199999999973,13,1
12686.0,1,89.13999999999999,89.13999999999999,333,0
12688.0,1,4873.810000000002,4873.810000000002,75,0
12689.0,1,511.0300000000001,511.0300000000001,89,1
12690.0,1,389.01,389.01,167,0
12691.0,5,859.3999999999999,171.87999999999997,20,1
12693.0,4,855.9099999999999,213.97749999999996,89,0
12694.0,2,869.6700000000001,434.83500000000004,32,0
12695.0,3,496.99999999999994,165.66666666666666,28,0
12697.0,2,733.91,366.955,93,1
12700.0,3,3625.240000000002,1208.413333333334,27,0
12701.0,2,797.7100000000004,398.8550000000002,41,0
12703.0,1,283.55,283.55,33,0
12704.0,4,1346.47,336.6175,40,1
12705.0,6,5973.590000000002,995.5983333333337,4,1
12707.0,1,603.4200000000001,603.4200000000001,253,0
12708.0,8,2399.14,299.8925,34,1
12709.0,14,8857.419999999998,632.672857142857,5,1
12710.0,3,1149.0200000000007,383.0066666666669,58,0
12712.0,12,4163.479999999999,346.95666666666654,11,1
12714.0,4,3389.7000000000003,847.4250000000001,68,1
12715.0,1,353.86,353.86,68,0
12716.0,1,677.8999999999997,677.8999999999997,95,0
12717.0,2,1030.9800000000005,515.4900000000002,113,0
12718.0,1,238.25,238.25,33,0
12719.0,1,283.6,283.6,27,0
12720.0,21,4554.159999999998,216.86476190476182,1,1
12721.0,5,2041.81,408.36199999999997,41,1
12722.0,4,997.63,249.4075,47,0
12723.0,2,299.41,149.705,27,1
12724.0,3,823.1700000000002,274.39000000000004,43,0
12725.0,1,427.8,427.8,333,0
12726.0,6,1824.6400000000003,304.10666666666674,48,1
12727.0,6,3337.7,556.2833333333333,57,1
12728.0,4,836.3299999999999,209.08249999999998,33,0
12729.0,1,453.01,453.01,75,0
12731.0,11,17398.390000000007,1581.6718181818187,13,1
12732.0,1,236.26000000000005,236.26000000000005,141,0
12733.0,1,383.95000000000005,383.95000000000005,196,0
12734.0,1,110.39999999999999,110.39999999999999,314,0
12735.0,2,779.5699999999997,389.78499999999985,277,0
12736.0,1,234.00000000000003,234.00000000000003,294,0
12738.0,1,155.35000000000002,155.35000000000002,334,0
12739.0,2,1013.04,506.52,40,0
12740.0,1,427.59999999999997,427.59999999999997,25,0
12743.0,2,546.43,273.215,96,0
12744.0,7,21279.290000000008,3039.8985714285727,13,0
12747.0,9,3444.7799999999997,382.75333333333333,28,1
12748.0,156,22010.230000000152,141.09121794871893,6,1
12749.0,3,2755.230000000001,918.4100000000003,92,1
12750.0,1,275.88,275.88,90,0
12752.0,1,4366.78,4366.78,43,0
12753.0,5,16620.91,3324.182,97,1
12754.0,3,3010.74,1003.5799999999999,197,0
12755.0,2,3811.95,1905.975,242,0
12756.0,1,112.07999999999998,112.07999999999998,48,0
12757.0,10,7161.600000000001,716.1600000000001,13,1
12758.0,2,2791.59,1395.795,78,0
12759.0,3,1531.440000000001,510.4800000000003,14,0
12763.0,2,494.08000000000004,247.04000000000002,100,0
12764.0,1,1693.88,1693.88,278,0
12766.0,6,6271.2,1045.2,19,0
12769.0,1,1143.5999999999997,1143.5999999999997,200,0
12770.0,1,1351.4499999999998,1351.4499999999998,172,0
12772.0,1,892.4700000000005,892.4700000000005,21,0
12775.0,4,1164.6799999999998,291.16999999999996,151,1
12778.0,5,663.9899999999998,132.79799999999994,25,1
12779.0,7,2999.410000000001,428.48714285714306,151,1
12781.0,2,826.74,413.37,25,1
12782.0,4,2078.6700000000005,519.6675000000001,111,0
12783.0,4,1603.07,400.7675,15,1
12785.0,1,311.95,311.95,326,0
12787.0,2,344.66,172.33,53,1
12789.0,1,91.85000000000001,91.85000000000001,27,0
12790.0,1,324.92,324.92,154,0
12791.0,1,192.60000000000002,192.60000000000002,335,0
12792.0,1,400.53999999999996,400.53999999999996,218,0
12793.0,2,545.48,272.74,296,0
12794.0,2,860.4100000000001,430.20500000000004,15,0
12797.0,1,254.03,254.03,327,0
12798.0,2,3325.44,1662.72,6,1
12802.0,1,427.5799999999999,427.5799999999999,148,0
12808.0,2,281.35,140.675,146,1
12809.0,1,489.31000000000006,489.31000000000006,139,0
12811.0,3,514.85,171.61666666666667,222,0
12812.0,1,229.63999999999993,229.63999999999993,6,0
12814.0,1,125.92,125.92,63,0
12815.0,2,1063.46,531.73,109,0
12816.0,2,572.1999999999999,286.09999999999997,57,0
12817.0,1,166.04,166.04,243,0
12818.0,1,1542.0800000000002,1542.0800000000002,223,0
12820.0,3,731.9899999999998,243.99666666666658,6,0
12821.0,1,92.72000000000001,92.72000000000001,176,0
12822.0,2,948.8800000000002,474.4400000000001,32,0
12823.0,5,1759.5,351.9,36,0
12824.0,1,397.11999999999995,397.11999999999995,21,0
12826.0,5,1052.6199999999997,210.52399999999994,33,1
12827.0,1,217.74999999999997,217.74999999999997,6,1
12828.0,4,661.3100000000001,165.32750000000001,27,0
12829.0,2,293,146.5,298,0
12830.0,5,6414.320000000001,1282.864,53,1
12831.0,1,215.04999999999998,215.04999999999998,224,0
12832.0,1,267.8,267.8,60,1
12833.0,1,417.38,417.38,107,0
12834.0,1,312.38000000000005,312.38000000000005,244,0
12836.0,4,2612.8600000000015,653.2150000000004,21,0
12837.0,1,134.1,134.1,135,0
12838.0,1,390.78999999999996,390.78999999999996,335,1
12839.0,11,3763.850000000003,342.1681818181821,5,1
12840.0,4,2726.7700000000004,681.6925000000001,105,0
12841.0,21,3581.899999999999,170.56666666666663,5,1
12842.0,2,1118.9899999999998,559.4949999999999,32,0
12843.0,8,1702.26,212.7825,27,0
12844.0,1,174.88000000000002,174.88000000000002,92,1
12845.0,4,354.09000000000003,88.52250000000001,229,0
12849.0,1,704.5000000000001,704.5000000000001,230,1
12851.0,1,135.18000000000004,135.18000000000004,58,0
12852.0,1,311.55,311.55,256,0
12853.0,6,1957.1000000000006,326.18333333333345,96,0
12854.0,3,1324.5000000000005,441.50000000000017,40,0
12855.0,1,38.1,38.1,334,0
12856.0,3,1353.3200000000006,451.10666666666685,1,1
12857.0,2,1106.4,553.2,172,0
12863.0,1,521.2,521.2,14,0
12864.0,1,147.12,147.12,100,0
12865.0,1,981.3799999999998,981.3799999999998,85,1
12866.0,1,559.12,559.12,245,0
12867.0,6,3025.7399999999975,504.28999999999957,58,1
12868.0,6,1607.0600000000002,267.84333333333336,147,0
12871.0,2,380.64,190.32,46,0
12872.0,2,599.9699999999999,299.98499999999996,288,0
12873.0,1,374,374,244,0
12875.0,2,343.2300000000001,171.61500000000004,105,0
12876.0,2,2218.020000000001,1109.0100000000004,19,0
12877.0,10,1160.37,116.03699999999999,40,1
12878.0,2,854.9899999999999,427.49499999999995,198,1
12879.0,3,573.22,191.07333333333335,6,0
12881.0,1,298,298,237,0
12883.0,1,291.63,291.63,51,1
12884.0,1,309.05,309.05,50,0
12885.0,3,1175.2199999999991,391.7399999999997,25,0
12886.0,2,1378.4,689.2,29,0
12888.0,2,354.12,177.06,176,0
12891.0,3,331,110.33333333333333,147,0
12895.0,2,372.8,186.4,4,0
12897.0,2,216.5,108.25,166,0
12901.0,23,14918.229999999996,648.6186956521738,5,1
12902.0,1,138.68,138.68,226,0
12904.0,1,244.69000000000003,244.69000000000003,134,1
12906.0,2,1936.5899999999992,968.2949999999996,40,1
12908.0,2,750,375,138,0
12909.0,5,2178.6699999999996,435.7339999999999,1,0
12910.0,6,2616.5799999999995,436.0966666666666,26,1
12912.0,1,318.06000000000006,318.06000000000006,2,1
12913.0,3,866.39,288.7966666666667,244,1
12915.0,2,363.65,181.825,110,0
12916.0,4,3006.1499999999996,751.5374999999999,100,0
12917.0,1,594,594,90,0
12919.0,3,441.65,147.21666666666667,78,1
12921.0,30,12724.050000000005,424.13500000000016,8,1
12922.0,1,405.3800000000001,405.3800000000001,123,0
12923.0,1,176.97000000000003,176.97000000000003,26,0
12924.0,4,933.7,233.425,50,0
12925.0,1,368.31,368.31,36,0
12928.0,4,1470.1399999999992,367.5349999999998,7,1
12929.0,1,117.85,117.85,273,0
12930.0,2,415.80000000000007,207.90000000000003,40,0
12931.0,12,34440.06,2870.0049999999997,29,1
12933.0,2,357.48999999999984,178.74499999999992,133,1
12935.0,4,1535.3400000000004,383.8350000000001,71,1
12936.0,1,798.4599999999999,798.4599999999999,40,1
12937.0,3,826.4400000000002,275.4800000000001,33,1
12939.0,8,11581.799999999996,1447.7249999999995,26,0
12940.0,2,913.5399999999997,456.76999999999987,16,0
12942.0,3,683.9,227.96666666666667,93,0
12944.0,1,286.95,286.95,316,1
12945.0,1,462.95,462.95,250,0
12947.0,6,1603.9899999999998,267.33166666666665,105,0
12948.0,6,1855.0100000000011,309.1683333333335,6,1
12949.0,7,3449.4199999999983,492.77428571428544,76,1
12951.0,5,751.7799999999997,150.35599999999994,135,0
12952.0,3,1090.06,363.3533333333333,5,1
12955.0,7,2113.12,301.8742857142857,14,1
12956.0,1,108.07000000000002,108.07000000000002,268,0
12957.0,6,2640.72,440.11999999999995,33,1
12962.0,1,170.54,170.54,75,0
12963.0,3,724.93,241.64333333333332,15,1
12965.0,1,771.9100000000002,771.9100000000002,51,0
12967.0,2,1660.8999999999999,830.4499999999999,320,0
12968.0,1,135.95,135.95,74,0
12970.0,2,23.799999999999997,11.899999999999999,284,0
12971.0,71,9114.559999999989,128.37408450704208,2,1
12974.0,1,144.8,144.8,159,0
12976.0,1,738.5999999999999,738.5999999999999,173,0
12977.0,1,39.239999999999995,39.239999999999995,118,0
12980.0,9,7374.9000000000015,819.4333333333335,119,0
12981.0,1,187.18,187.18,95,1
12982.0,1,390.53999999999996,390.53999999999996,204,0
12987.0,2,558.7,279.35,35,0
12988.0,1,535.3199999999999,535.3199999999999,254,0
12989.0,12,6440.0199999999995,536.6683333333333,15,1
12990.0,2,263.9,131.95,147,1
12991.0,1,303.56000000000006,303.56000000000006,74,1
12993.0,3,372.4,124.13333333333333,82,1
12994.0,2,645.4699999999999,322.73499999999996,82,0
12995.0,1,211.32,211.32,47,0
12997.0,3,916.3899999999999,305.4633333333333,50,1
12999.0,3,455.87999999999994,151.95999999999998,158,0
13000.0,3,534.8499999999998,178.28333333333327,68,0
13001.0,11,8615.420000000002,783.2200000000001,120,1
13002.0,1,120.94999999999999,120.94999999999999,280,0
13003.0,3,149.05,49.68333333333334,67,0
13004.0,15,4608.999999999997,307.2666666666665,25,1
13005.0,2,513.6999999999999,256.84999999999997,135,0
13006.0,1,81.57,81.57,18,0
13008.0,1,229.47000000000003,229.47000000000003,285,0
13011.0,1,50.550000000000004,50.550000000000004,334,0
13012.0,5,1205.8400000000001,241.16800000000003,40,1
13013.0,10,3902.9000000000005,390.2900000000001,26,1
13014.0,6,2421.630000000001,403.6050000000002,36,1
13015.0,5,3346.280000000001,669.2560000000002,15,0
13016.0,3,789.8900000000004,263.2966666666668,35,0
13018.0,22,6090.340000000001,276.8336363636364,26,1
13021.0,6,1619.2799999999995,269.87999999999994,32,1
13023.0,2,689.9000000000002,344.9500000000001,26,0
13026.0,3,604.1999999999999,201.39999999999998,54,1
13027.0,6,6912,1152,75,0
13028.0,1,355.94,355.94,7,1
13029.0,2,773.2,386.6,100,1
13030.0,1,427.73999999999995,427.73999999999995,330,1
13032.0,2,1010.1799999999998,505.0899999999999,14,1
13033.0,1,190.55,190.55,319,0
13034.0,2,642.7699999999999,321.38499999999993,16,0
13035.0,2,921.8800000000001,460.94000000000005,35,0
13037.0,3,881.07,293.69,100,0
13038.0,3,908.46,302.82,42,0
13043.0,1,516.4200000000001,516.4200000000001,235,0
13044.0,1,560.4700000000001,560.4700000000001,253,0
13045.0,1,305.2799999999999,305.2799999999999,61,0
13046.0,1,197.72,197.72,228,1
13047.0,9,3232.5900000000006,359.17666666666673,18,1
13048.0,3,1375.05,458.34999999999997,75,1
13049.0,2,656.6800000000001,328.34000000000003,26,0
13050.0,15,5124.510000000001,341.63400000000007,7,1
13052.0,1,348.15000000000003,348.15000000000003,174,0
13055.0,3,1214.41,404.80333333333334,40,0
13058.0,2,137.7,68.85,20,1
13059.0,1,183.39999999999998,183.39999999999998,211,0
13060.0,1,307.53000000000003,307.53000000000003,215,0
13061.0,1,248.61,248.61,34,0
13062.0,1,346.98,346.98,153,0
13064.0,3,842.3299999999999,280.77666666666664,50,1
13065.0,1,205.86,205.86,335,0
13067.0,1,115.46000000000001,115.46000000000001,44,0
13068.0,1,165,165,281,1
13069.0,22,3999.789999999998,181.80863636363628,15,1
13070.0,1,228.80000000000004,228.80000000000004,154,0
13072.0,1,177.15000000000003,177.15000000000003,228,0
13075.0,1,919.6100000000001,919.6100000000001,91,0
13077.0,3,577.44,192.48000000000002,252,0
13078.0,21,9824.930000000002,467.8538095238096,13,1
13079.0,3,172.4,57.46666666666667,37,1
13080.0,1,58.08,58.08,141,0
13081.0,8,18870.120000000017,2358.765000000002,105,1
13082.0,9,3613.63,401.51444444444445,88,0
13083.0,1,192.39,192.39,37,0
13085.0,2,416.08000000000004,208.04000000000002,119,0
13089.0,86,49682.1200000001,577.699069767443,2,1
13090.0,11,6145.990000000001,558.7263636363637,15,1
13092.0,5,477.83,95.566,32,0
13093.0,8,7832.469999999999,979.0587499999999,237,0
13094.0,11,1774.68,161.33454545454546,42,1
13095.0,1,74.39999999999999,74.39999999999999,32,0
13097.0,9,5479.279999999993,608.8088888888882,39,1
13098.0,22,22761.899999999976,1034.6318181818172,5,1
13099.0,1,207.35999999999999,207.35999999999999,61,0
13101.0,1,101.19,101.19,196,0
13102.0,21,5658.960000000001,269.47428571428577,4,1
13103.0,1,243.94,243.94,1,0
13104.0,5,759,151.8,8,0
13106.0,1,76.5,76.5,95,0
13107.0,4,1531.6199999999994,382.90499999999986,6,0
13108.0,1,350.06,350.06,334,0
13109.0,2,786.5400000000003,393.27000000000015,21,0
13110.0,6,1246.9400000000005,207.8233333333334,15,1
13113.0,22,11569.799999999992,525.8999999999996,2,1
13115.0,3,1795.22,598.4066666666666,18,1
13116.0,1,501.1400000000001,501.1400000000001,100,0
13117.0,7,841.7699999999996,120.2528571428571,83,1
13118.0,3,799.7000000000002,266.5666666666667,170,1
13120.0,1,30.599999999999998,30.599999999999998,200,0
13121.0,1,283.7300000000001,283.7300000000001,231,0
13122.0,2,922.3900000000002,461.1950000000001,56,0
13124.0,3,3866.329999999998,1288.776666666666,51,0
13126.0,7,1730.1999999999998,247.17142857142855,6,1
13127.0,1,259.16999999999996,259.16999999999996,39,0
13130.0,1,64,64,56,0
13131.0,2,772.1999999999999,386.09999999999997,33,1
13132.0,1,77.3,77.3,223,0
13133.0,2,109.79999999999998,54.89999999999999,235,0
13134.0,4,1793.5799999999997,448.3949999999999,47,0
13135.0,1,3096,3096,158,0
13136.0,5,2607.6100000000006,521.5220000000002,18,0
13137.0,6,2507.4100000000008,417.9016666666668,2,1
13138.0,5,831.6899999999999,166.338,8,1
13139.0,4,3584.5600000000018,896.1400000000004,34,1
13140.0,3,423.71999999999997,141.23999999999998,70,0
13141.0,5,2388.7500000000014,477.7500000000003,46,0
13144.0,1,110.95,110.95,294,0
13145.0,4,618.52,154.63,1,0
13147.0,2,237.60000000000002,118.80000000000001,5,1
13148.0,10,2789.87,278.98699999999997,95,1
13149.0,3,1132.62,377.53999999999996,68,1
13151.0,1,1257.8700000000003,1257.8700000000003,257,0
13155.0,3,882.5000000000001,294.1666666666667,41,1
13157.0,4,1741.2200000000003,435.30500000000006,11,0
13158.0,4,1201.0600000000004,300.2650000000001,56,0
13159.0,3,1155.2900000000002,385.09666666666675,12,0
13161.0,1,112.75,112.75,275,0
13162.0,4,1688.2899999999997,422.07249999999993,84,0
13165.0,2,1021.4800000000002,510.7400000000001,8,0
13166.0,1,417.1999999999999,417.1999999999999,245,0
13167.0,3,659.6699999999998,219.88999999999996,29,1
13168.0,3,972.66,324.21999999999997,161,1
13169.0,2,712.8799999999999,356.43999999999994,25,0
13171.0,2,272.89000000000004,136.44500000000002,11,1
13173.0,1,165.94,165.94,329,0
13174.0,2,2108.270000000001,1054.1350000000004,278,1
13176.0,1,492.8400000000001,492.8400000000001,8,0
13177.0,1,282.45000000000005,282.45000000000005,26,0
13178.0,9,5156.730000000004,572.9700000000005,35,1
13182.0,1,121.18,121.18,7,0
13183.0,7,3085.58,440.79714285714283,48,1
13184.0,9,1504.4400000000007,167.16000000000008,92,1
13185.0,1,71.4,71.4,229,0
13186.0,3,1575.8899999999996,525.2966666666665,1,0
13187.0,1,236.01999999999998,236.01999999999998,299,0
13189.0,1,127.00000000000001,127.00000000000001,77,1
13192.0,2,911.94,455.97,57,0
13193.0,1,117.88000000000004,117.88000000000004,23,0
13194.0,1,60.7,60.7,97,0
13196.0,2,1586.9499999999998,793.4749999999999,46,1
13198.0,5,3009.179999999999,601.8359999999998,82,1
13199.0,27,7259.420000000002,268.8674074074075,4,1
13200.0,2,627.0100000000001,313.50500000000005,36,1
13203.0,3,706.24,235.41333333333333,1,1
13207.0,1,197.52,197.52,112,1
13208.0,6,1223.8999999999992,203.9833333333332,20,0
13209.0,5,4156.079999999996,831.2159999999992,90,1
13210.0,1,353.47999999999996,353.47999999999996,55,0
13211.0,2,886.64,443.32,57,1
13212.0,2,291.46999999999997,145.73499999999999,23,1
13213.0,5,1520.58,304.116,18,0
13216.0,1,333.74,333.74,229,0
13217.0,3,533.98,177.99333333333334,84,0
13218.0,1,62.64,62.64,89,0
13220.0,4,819.2900000000001,204.82250000000002,40,0
13221.0,2,847.41,423.705,202,0
13223.0,2,163.20000000000002,81.60000000000001,162,0
13224.0,2,2155.9499999999994,1077.9749999999997,22,0
13225.0,6,5100.639999999999,850.1066666666666,22,0
13226.0,1,108.21,108.21,235,0
13227.0,1,257.7,257.7,163,0
13228.0,1,358,358,43,0
13229.0,1,160.95,160.95,187,0
13230.0,12,2234.180000000001,186.18166666666676,100,1
13232.0,5,1048.3000000000002,209.66000000000003,60,1
13233.0,2,605.1200000000001,302.56000000000006,36,0
13235.0,1,1031.0699999999995,1031.0699999999995,174,0
13236.0,1,439.23,439.23,68,1
13238.0,2,318.85,159.425,125,1
13239.0,1,329.55999999999995,329.55999999999995,223,0
13240.0,4,663.6500000000001,165.91250000000002,58,0
13242.0,3,270.40000000000003,90.13333333333334,74,0
13243.0,1,600.0700000000002,600.0700000000002,165,0
13244.0,1,121.74000000000002,121.74000000000002,54,0
13245.0,1,430.49999999999994,430.49999999999994,12,0
13246.0,5,1860.9899999999993,372.19799999999987,138,1
13247.0,2,390.86999999999995,195.43499999999997,13,1
13248.0,2,465.67999999999995,232.83999999999997,86,0
13249.0,3,711.4100000000001,237.13666666666668,54,0
13253.0,2,1030.4,515.2,118,0
13255.0,1,225.7,225.7,335,1
13258.0,1,224.61999999999998,224.61999999999998,167,1
13259.0,1,292.32000000000005,292.32000000000005,23,0
13260.0,1,557.62,557.62,23,0
13261.0,2,944.1,472.05,230,0
13262.0,1,200.29000000000002,200.29000000000002,225,0
13263.0,31,6584.139999999967,212.39161290322474,5,1
13265.0,5,2107.660000000001,421.53200000000027,15,0
13266.0,10,3223.6900000000005,322.369,5,1
13267.0,15,3119.3400000000024,207.95600000000016,54,1
13268.0,7,2468.8199999999983,352.6885714285712,46,1
13269.0,11,3917.850000000001,356.1681818181819,28,1
13270.0,1,590,590,328,0
13272.0,1,140.96,140.96,51,1
13273.0,1,138.98,138.98,75,0
13276.0,2,590.9300000000001,295.46500000000003,25,0
13277.0,2,125.9,62.95,78,1
13278.0,1,542.7299999999998,542.7299999999998,2,0
13279.0,1,137.75,137.75,40,0
13280.0,3,814.8599999999998,271.61999999999995,84,0
13282.0,2,773.1000000000001,386.55000000000007,124,1
13283.0,2,93.66,46.83,21,0
13284.0,1,201.19,201.19,292,0
13285.0,3,1970.0999999999985,656.6999999999995,123,1
13291.0,1,361.10999999999996,361.10999999999996,117,0
13292.0,1,249.56999999999996,249.56999999999996,246,1
13294.0,2,873.7399999999998,436.8699999999999,151,0
13295.0,1,201.2,201.2,321,0
13296.0,1,87.4,87.4,99,0
13297.0,1,1315.3799999999999,1315.3799999999999,29,1
13299.0,1,142.5,142.5,230,0
13300.0,1,371.89,371.89,131,0
13301.0,4,618.09,154.5225,65,0
13302.0,1,63.75,63.75,117,0
13304.0,1,300.42,300.42,313,0
13305.0,8,1471.2499999999995,183.90624999999994,54,1
13307.0,1,15,15,82,0
13308.0,2,1099.6299999999999,549.8149999999999,14,1
13309.0,4,1221.91,305.4775,7,0
13310.0,2,817.6500000000001,408.82500000000005,168,1
13311.0,1,490.10999999999996,490.10999999999996,112,0
13313.0,3,918.3399999999999,306.1133333333333,103,1
13314.0,2,589.4700000000003,294.7350000000001,25,0
13316.0,3,4463.5599999999995,1487.8533333333332,41,1
13317.0,6,2273.679999999999,378.9466666666665,28,0
13319.0,21,8248.580000000002,392.78952380952387,28,1
13320.0,4,1548.7000000000003,387.17500000000007,40,0
13321.0,2,567.3599999999998,283.6799999999999,34,0
13323.0,1,120.30000000000001,120.30000000000001,46,1
13324.0,9,6437.829999999996,715.314444444444,51,1
13325.0,1,675.3,675.3,43,0
13327.0,7,2738.7500000000005,391.25000000000006,74,1
13328.0,1,1308.48,1308.48,278,0
13329.0,1,304.2,304.2,328,1
13330.0,3,1140.9299999999998,380.30999999999995,54,0
13334.0,3,3536.8199999999974,1178.9399999999991,44,0
13336.0,1,795.1200000000001,795.1200000000001,39,0
13338.0,1,487.0199999999999,487.0199999999999,119,0
13339.0,1,860.12,860.12,162,0
13340.0,7,10736.479999999996,1533.7828571428565,7,0
13341.0,1,775.85,775.85,222,0
13343.0,1,353.43,353.43,139,0
13344.0,3,2543.7199999999993,847.9066666666664,29,0
13345.0,1,389.49999999999994,389.49999999999994,249,0
13347.0,1,341.36,341.36,32,0
13348.0,1,233.76,233.76,26,0
13350.0,1,646.57,646.57,41,1
13351.0,1,373.94000000000005,373.94000000000005,28,0
13352.0,1,397.98,397.98,22,0
13354.0,1,743.53,743.53,33,0
13355.0,1,674.6999999999997,674.6999999999997,84,0
13356.0,1,768.24,768.24,42,0
13357.0,1,609.9500000000002,609.9500000000002,219,0
13358.0,1,439.0300000000001,439.0300000000001,230,0
13359.0,1,439.55999999999995,439.55999999999995,25,0
13362.0,3,2337.64,779.2133333333333,14,1
13363.0,1,603.8199999999999,603.8199999999999,5,1
13364.0,1,134.95999999999998,134.95999999999998,33,0
13365.0,1,700.5999999999999,700.5999999999999,179,1
13366.0,1,56.160000000000004,56.160000000000004,12,0
13368.0,2,623.4,311.7,218,0
13369.0,1,308.28,308.28,327,0
13370.0,1,754.87,754.87,333,0
13372.0,1,378.63999999999993,378.63999999999993,51,0
13373.0,3,3312.25,1104.0833333333333,22,0
13375.0,1,778.6500000000002,778.6500000000002,50,0
13376.0,3,1019.7600000000002,339.9200000000001,61,0
13379.0,2,435.82000000000005,217.91000000000003,30,1
13381.0,5,2982.2299999999987,596.4459999999997,51,1
13382.0,1,222.99000000000004,222.99000000000004,242,0
13384.0,6,3429.73,571.6216666666667,7,1
13385.0,1,534.5700000000003,534.5700000000003,291,0
13388.0,2,677.1000000000001,338.55000000000007,93,0
13389.0,2,580.1499999999999,290.07499999999993,36,1
13390.0,1,544.0799999999999,544.0799999999999,36,0
13391.0,1,59.8,59.8,165,0
13394.0,7,2217.9200000000005,316.84571428571434,15,1
13395.0,1,307.71999999999997,307.71999999999997,147,0
13396.0,1,387.27,387.27,281,1
13397.0,5,1544.1299999999999,308.82599999999996,34,0
13398.0,1,457.33999999999986,457.33999999999986,154,0
13402.0,2,621.2300000000001,310.61500000000007,89,0
13404.0,1,217.81,217.81,174,0
13405.0,3,572.45,190.8166666666667,36,0
13408.0,52,22530.040000000005,433.2700000000001,6,1
13410.0,4,728.6599999999999,182.16499999999996,36,1
13411.0,1,213.55000000000004,213.55000000000004,69,0
13414.0,3,1390.5,463.5,95,0
13416.0,2,712.5000000000001,356.25000000000006,5,0
13417.0,1,236,236,167,0
13418.0,17,5438.81,319.93,22,1
13419.0,1,221.06,221.06,25,0
13420.0,2,159.85,79.925,111,0
13421.0,2,1851.0800000000002,925.5400000000001,2,0
13422.0,1,2626.2999999999993,2626.2999999999993,26,0
13425.0,3,1624.2100000000003,541.4033333333334,70,0
13426.0,7,2708.109999999998,386.87285714285684,26,1
13427.0,2,464.85999999999996,232.42999999999998,82,1
13429.0,3,693.0000000000001,231.00000000000003,11,1
13430.0,1,336.3100000000001,336.3100000000001,48,1
13431.0,2,1269.0999999999997,634.5499999999998,29,0
13434.0,2,534.2400000000001,267.12000000000006,36,0
13435.0,5,2531.62,506.32399999999996,6,1
13437.0,4,2173.6000000000004,543.4000000000001,61,1
13439.0,1,283.71000000000015,283.71000000000015,217,0
13441.0,1,296.64,296.64,53,0
13448.0,5,2489.0500000000006,497.8100000000001,42,1
13450.0,5,1727.2800000000002,345.456,51,1
13451.0,4,2463.389999999999,615.8474999999997,88,1
13452.0,2,590,295,221,0
13453.0,2,356.98,178.49,127,0
13455.0,1,692.9399999999999,692.9399999999999,328,1
13456.0,4,1309.8199999999995,327.45499999999987,25,1
13458.0,12,8672.639999999998,722.7199999999998,5,1
13460.0,1,107.46,107.46,11,1
13461.0,2,884.2,442.1,100,1
13462.0,1,151.5,151.5,214,0
13464.0,1,674.6800000000001,674.6800000000001,20,0
13466.0,1,307.90000000000003,307.90000000000003,146,0
13468.0,32,5077.770000000002,158.68031250000007,20,1
13470.0,2,165,82.5,61,0
13471.0,1,941.6700000000001,941.6700000000001,9,1
13473.0,2,422.63999999999993,211.31999999999996,22,0
13474.0,1,229.58999999999997,229.58999999999997,198,0
13475.0,4,1431.7800000000009,357.9450000000002,153,0
13476.0,2,1238.4700000000003,619.2350000000001,140,0
13477.0,5,1363.6200000000003,272.72400000000005,19,1
13479.0,2,300.95,150.475,162,0
13481.0,5,1804.5599999999993,360.91199999999986,7,0
13482.0,1,184.64,184.64,194,0
13483.0,1,140.33999999999997,140.33999999999997,27,0
13484.0,1,313.8,313.8,203,0
13485.0,1,454.23999999999995,454.23999999999995,195,0
13486.0,3,1122.41,374.1366666666667,40,0
13487.0,3,575.4,191.79999999999998,19,0
13488.0,12,8246.170000000006,687.1808333333338,5,1
13489.0,4,449.5199999999999,112.37999999999998,67,0
13491.0,10,1215.8200000000002,121.58200000000002,13,0
13492.0,3,1269.8400000000004,423.28000000000014,98,0
13493.0,2,618.6300000000001,309.31500000000005,237,0
13494.0,1,316.26000000000005,316.26000000000005,273,0
13495.0,3,1072.43,357.4766666666667,194,1
13496.0,1,501.01,501.01,321,1
13497.0,2,348.04999999999995,174.02499999999998,244,0
13499.0,3,613.8500000000001,204.6166666666667,35,1
13500.0,1,326.4,326.4,84,1
13501.0,1,1340.3200000000004,1340.3200000000004,250,0
13502.0,2,189.16000000000003,94.58000000000001,236,1
13503.0,1,216.85,216.85,33,0
13504.0,1,295.92999999999995,295.92999999999995,26,0
13505.0,4,4393.629999999998,1098.4074999999996,34,0
13506.0,2,458.52000000000004,229.26000000000002,278,0
13507.0,3,2022.79,674.2633333333333,60,0
13508.0,1,110.97,110.97,205,0
13509.0,6,881.6199999999999,146.93666666666664,14,0
13510.0,3,1449.6999999999991,483.23333333333306,7,0
13512.0,1,251.20999999999998,251.20999999999998,222,0
13513.0,1,205.1,205.1,88,0
13514.0,1,152.20000000000002,152.20000000000002,35,0
13515.0,4,891.12,222.78,34,0
13516.0,2,620.41,310.205,34,1
13517.0,3,2128.42,709.4733333333334,21,0
13518.0,1,659.4399999999999,659.4399999999999,47,0
13519.0,1,122.74999999999999,122.74999999999999,40,0
13520.0,6,3624.349999999998,604.058333333333,20,0
13523.0,4,2986.04,746.51,8,1
13524.0,5,680.1800000000001,136.036,2,0
13525.0,1,282.88,282.88,210,1
13527.0,6,1861.14,310.19,51,1
13529.0,2,307.76,153.88,40,0
13531.0,2,483.79999999999995,241.89999999999998,167,0
13533.0,3,270.78999999999996,90.26333333333332,144,0
13534.0,23,5206.680000000013,226.37739130434838,15,1
13536.0,2,824.9100000000001,412.45500000000004,14,1
13538.0,7,1280.85,182.97857142857143,5,0
13539.0,3,631.3399999999999,210.44666666666663,47,0
13544.0,2,291.40999999999997,145.70499999999998,1,0
13546.0,2,418.2799999999999,209.13999999999996,15,1
13548.0,2,682.4099999999999,341.2049999999999,58,0
13549.0,6,832.1999999999999,138.7,26,1
13551.0,1,91.80000000000001,91.80000000000001,281,0
13552.0,12,3740.0700000000006,311.67250000000007,28,0
13555.0,4,4149.2800000000025,1037.3200000000006,35,0
13557.0,1,240.68000000000004,240.68000000000004,242,1
13558.0,2,323.24999999999994,161.62499999999997,23,1
13561.0,1,141.85999999999999,141.85999999999999,177,0
13562.0,3,1799.3299999999983,599.7766666666661,43,0
13563.0,2,777.5300000000004,388.7650000000002,46,0
13564.0,3,1749.0200000000011,583.006666666667,106,0
13565.0,1,110.18,110.18,296,1
13566.0,2,874.7099999999998,437.3549999999999,2,0
13568.0,1,192.85000000000002,192.85000000000002,135,0
13569.0,1,118.32000000000001,118.32000000000001,329,1
13570.0,1,239.48999999999995,239.48999999999995,205,0
13571.0,9,1425.7399999999993,158.41555555555547,6,1
13572.0,1,1384.250000000001,1384.250000000001,167,0
13573.0,2,294.40000000000003,147.20000000000002,12,0
13575.0,4,624.6199999999998,156.15499999999994,20,1
13576.0,15,5627.270000000001,375.1513333333334,13,1
13577.0,3,1193.799999999999,397.933333333333,54,1
13579.0,1,164.7,164.7,331,1
13581.0,1,118,118,271,0
13583.0,1,781.0300000000002,781.0300000000002,117,0
13584.0,1,142.40000000000003,142.40000000000003,268,0
13587.0,1,712.4,712.4,25,1
13588.0,6,2031.3199999999981,338.553333333333,11,1
13589.0,1,147,147,141,1
13590.0,5,1668.7799999999995,333.7559999999999,13,1
13591.0,3,1117.1299999999999,372.3766666666666,26,0
13592.0,3,205.50999999999996,68.50333333333332,167,1
13593.0,5,2037.0800000000017,407.41600000000034,70,0
13594.0,1,396.96999999999997,396.96999999999997,14,0
13598.0,1,180.17000000000002,180.17000000000002,9,0
13599.0,10,2833.88,283.38800000000003,46,1
13600.0,1,219.51999999999998,219.51999999999998,274,0
13601.0,2,693.3199999999997,346.65999999999985,7,0
13602.0,1,428.89,428.89,26,0
13606.0,2,250.42,125.21,205,1
13607.0,1,678.0099999999998,678.0099999999998,2,0
13610.0,6,1013.6400000000006,168.94000000000008,16,1
13611.0,3,1171.8,390.59999999999997,51,0
13614.0,3,1097.1299999999999,365.71,51,1
13615.0,1,417.68999999999994,417.68999999999994,280,0
13617.0,3,544.18,181.39333333333332,2,0
13618.0,1,177.33999999999997,177.33999999999997,135,0
13621.0,1,213.85,213.85,78,0
13623.0,4,551.92,137.98,172,1
13626.0,1,257.22999999999996,257.22999999999996,214,0
13627.0,5,1638.4699999999998,327.69399999999996,21,0
13629.0,9,6255.36,695.04,25,1
13630.0,6,1799.7800000000009,299.9633333333335,37,0
13631.0,11,3070.42,279.1290909090909,61,0
13632.0,4,1669.1300000000022,417.28250000000054,4,1
13634.0,4,1372.2800000000009,343.0700000000002,48,1
13635.0,1,1071.03,1071.03,29,0
13636.0,4,646.5499999999998,161.63749999999996,84,1
13637.0,3,810.5000000000001,270.1666666666667,14,0
13639.0,1,1033.3400000000001,1033.3400000000001,36,0
13642.0,1,354.79999999999984,354.79999999999984,177,0
13643.0,2,259.40000000000003,129.70000000000002,60,1
13644.0,3,1845.3400000000006,615.1133333333336,6,1
13645.0,1,252.1,252.1,82,0
13647.0,3,1275.9,425.3,33,1
13649.0,2,346.6,173.3,218,0
13650.0,5,1538.1,307.62,28,1
13651.0,1,79.2,79.2,1,1
13652.0,3,1095.08,365.02666666666664,7,0
13654.0,6,2707.3300000000017,451.221666666667,5,0
13655.0,2,932.97,466.485,76,0
13656.0,2,379.64999999999986,189.82499999999993,126,0
13657.0,1,152.33999999999997,152.33999999999997,163,1
13658.0,3,2096.7700000000004,698.9233333333335,47,1
13659.0,2,1573.2000000000007,786.6000000000004,167,0
13662.0,3,897.7599999999996,299.2533333333332,47,0
13663.0,1,189.47,189.47,141,0
13666.0,3,84.65000000000002,28.216666666666672,22,0
13667.0,1,305.02,305.02,111,0
13668.0,17,5123.809999999993,301.4005882352937,19,1
13669.0,2,218.55,109.275,12,0
13670.0,1,349.69999999999993,349.69999999999993,37,0
13672.0,2,186.39,93.195,263,0
13675.0,2,486.82000000000005,243.41000000000003,113,0
13678.0,1,232.60000000000002,232.60000000000002,113,0
13680.0,3,3084.0399999999986,1028.0133333333329,1,0
13681.0,2,531.08,265.54,30,1
13682.0,1,59.5,59.5,149,0
13684.0,1,67.23000000000002,67.23000000000002,247,0
13685.0,3,1934.45,644.8166666666667,7,0
13686.0,1,72,72,144,0
13689.0,1,910,910,25,0
13690.0,1,172.25,172.25,21,0
13692.0,2,871.5800000000004,435.7900000000002,175,1
13694.0,45,57069.24000000001,1268.2053333333336,4,1
13695.0,14,2207.3500000000004,157.66785714285717,25,1
13699.0,1,308.58000000000004,308.58000000000004,117,0
13700.0,9,1957.0199999999988,217.44666666666654,14,1
13703.0,1,99.5,99.5,280,0
13704.0,7,1906.0199999999998,272.2885714285714,8,1
13705.0,2,522.6800000000001,261.34000000000003,106,0
13706.0,1,330.79,330.79,264,0
13707.0,2,806.4100000000004,403.2050000000002,229,0
13708.0,1,296.88000000000005,296.88000000000005,233,0
13709.0,8,4715.470000000002,589.4337500000003,11,1
13711.0,2,252.06000000000003,126.03000000000002,180,0
13712.0,1,228.84000000000003,228.84000000000003,208,0
13715.0,5,1079.3400000000004,215.86800000000008,243,0
13716.0,1,138.28000000000003,138.28000000000003,231,0
13717.0,5,1257.5299999999997,251.50599999999994,18,1
13718.0,2,306.54999999999995,153.27499999999998,208,0
13719.0,3,589.23,196.41,19,1
13720.0,4,799.8999999999999,199.97499999999997,78,0
13722.0,3,2375.4100000000003,791.8033333333334,93,0
13723.0,1,199.85000000000002,199.85000000000002,179,0
13725.0,8,1980.5600000000009,247.5700000000001,11,0
13726.0,1,292.67999999999995,292.67999999999995,62,1
13728.0,5,797.0199999999996,159.40399999999994,69,1
13730.0,2,752.5999999999999,376.29999999999995,97,0
13731.0,2,610.5899999999999,305.29499999999996,181,0
13735.0,3,2401.250000000001,800.416666666667,5,1
13736.0,1,357.5299999999998,357.5299999999998,222,0
13737.0,1,339.5999999999999,339.5999999999999,162,0
13740.0,1,350.7500000000001,350.7500000000001,202,0
13741.0,3,668.4300000000001,222.81000000000003,33,0
13742.0,11,2791.619999999996,253.783636363636,51,1
13743.0,6,1065.84,177.64,50,0
13744.0,2,1156.36,578.18,57,0
13745.0,1,300.04,300.04,124,0
13747.0,1,79.6,79.6,335,0
13748.0,5,948.2499999999999,189.64999999999998,57,0
13750.0,5,1647.2600000000002,329.45200000000006,15,0
13751.0,1,296.25,296.25,250,0
13752.0,6,1186.2800000000002,197.71333333333337,86,0
13753.0,1,741.2599999999999,741.2599999999999,249,0
13754.0,2,282.59999999999997,141.29999999999998,113,0
13755.0,3,918.3100000000004,306.10333333333347,11,1
13756.0,9,3265.3199999999983,362.81333333333316,22,1
13758.0,5,2351.5200000000004,470.3040000000001,163,1
13759.0,1,560.41,560.41,33,1
13760.0,2,286.7900000000001,143.39500000000004,16,0
13761.0,2,1070.6499999999999,535.3249999999999,12,0
13762.0,1,306.71999999999997,306.71999999999997,180,0
13763.0,1,1714.96,1714.96,25,0
13764.0,3,1521.7600000000014,507.2533333333338,32,0
13767.0,34,13683.68000000001,402.4611764705885,22,1
13769.0,8,2176.620000000001,272.0775000000001,54,1
13771.0,4,2634.4500000000007,658.6125000000002,26,0
13772.0,2,686.22,343.11,58,1
13774.0,1,344.99999999999994,344.99999999999994,43,0
13777.0,28,16974.850000000002,606.2446428571429,19,1
13778.0,1,178.7,178.7,65,0
13780.0,1,116.28000000000002,116.28000000000002,132,0
13781.0,1,127.84,127.84,212,0
13782.0,5,741.9399999999996,148.38799999999992,9,1
13784.0,10,2424.63,242.46300000000002,19,1
13786.0,1,230.39999999999998,230.39999999999998,329,0
13787.0,2,309.0399999999999,154.51999999999995,37,0
13791.0,2,1516,758,89,0
13792.0,2,195.55,97.775,28,0
13798.0,49,32938.71999999997,672.2187755102035,4,1
13799.0,2,688.8599999999999,344.42999999999995,78,0
13800.0,1,558.3199999999999,558.3199999999999,271,0
13801.0,1,324.8,324.8,28,0
13802.0,3,4599.42,1533.14,100,0
13803.0,1,277.07,277.07,217,0
13804.0,5,2282.98,456.596,40,1
13805.0,2,924.6,462.3,14,0
13806.0,1,256.38000000000005,256.38000000000005,25,0
13807.0,1,112.6,112.6,329,0
13808.0,4,1518.5,379.625,8,0
13809.0,1,155.05,155.05,267,0
13810.0,2,1253,626.5,18,1
13811.0,3,814.5,271.5,145,0
13812.0,3,538.9999999999999,179.66666666666663,4,0
13813.0,4,1366.8599999999994,341.71499999999986,1,0
13814.0,2,1579.1200000000003,789.5600000000002,54,0
13815.0,2,2977.75,1488.875,134,1
13816.0,1,371.68999999999994,371.68999999999994,26,1
13817.0,1,128.70000000000002,128.70000000000002,313,1
13819.0,3,1140.35,380.1166666666666,263,0
13821.0,2,385.6400000000001,192.82000000000005,106,0
13822.0,1,468.37999999999965,468.37999999999965,2,0
13823.0,1,650.42,650.42,53,1
13824.0,4,1429.8400000000004,357.4600000000001,97,1
13826.0,1,189.50000000000003,189.50000000000003,138,0
13827.0,3,412.0499999999996,137.34999999999988,19,0
13831.0,5,1795.5900000000006,359.1180000000001,49,1
13833.0,1,384.79999999999984,384.79999999999984,121,0
13835.0,3,742.9100000000001,247.63666666666668,14,1
13837.0,2,271.24,135.62,173,0
13838.0,3,479.58999999999946,159.86333333333314,79,0
13841.0,1,85,85,214,0
13842.0,9,3385.6199999999994,376.17999999999995,20,0
13845.0,1,312.98,312.98,26,0
13846.0,2,663.9299999999998,331.9649999999999,204,1
13848.0,3,1255,418.3333333333333,54,0
13849.0,2,1537.9500000000005,768.9750000000003,13,0
13850.0,1,1595.4800000000007,1595.4800000000007,91,0
13851.0,3,2651.4599999999996,883.8199999999998,57,0
13853.0,1,1090.1399999999996,1090.1399999999996,19,0
13854.0,22,7088.119999999997,322.1872727272726,27,1
13856.0,3,388.5,129.5,130,0
13858.0,1,216.16999999999996,216.16999999999996,19,0
13859.0,1,201.16,201.16,288,0
13860.0,3,617.8099999999998,205.9366666666666,14,1
13862.0,7,2089.7000000000007,298.5285714285715,34,1
13863.0,1,305.78000000000003,305.78000000000003,209,0
13865.0,4,501.56,125.39,20,0
13866.0,1,145.67,145.67,36,0
13867.0,2,592.8399999999998,296.4199999999999,36,1
13869.0,4,3104.9499999999985,776.2374999999996,85,0
13870.0,7,2618.1899999999996,374.0271428571428,2,1
13871.0,12,5870.4900000000025,489.2075000000002,7,1
13873.0,3,389.59999999999997,129.86666666666665,81,0
13874.0,1,540.45,540.45,320,0
13875.0,5,1786.7900000000002,357.35800000000006,15,0
13876.0,1,122.7,122.7,25,0
13877.0,1,117.24,117.24,48,0
13878.0,1,1281.5300000000002,1281.5300000000002,16,0
13880.0,12,2823.1200000000003,235.26000000000002,14,1
13881.0,14,12412.34,886.5957142857143,15,1
13882.0,2,683.31,341.655,5,1
13883.0,4,1742.7800000000004,435.6950000000001,180,1
13884.0,4,540.4999999999999,135.12499999999997,51,0
13885.0,2,506.80000000000007,253.40000000000003,151,0
13886.0,1,243.56,243.56,33,0
13887.0,1,349.55,349.55,166,0
13888.0,2,605.6300000000001,302.81500000000005,81,0
13889.0,1,416.9000000000001,416.9000000000001,54,0
13890.0,3,604.9600000000002,201.6533333333334,12,1
13892.0,3,571.77,190.59,14,1
13893.0,1,821.0999999999998,821.0999999999998,259,0
13894.0,1,160.85000000000002,160.85000000000002,272,1
13895.0,3,1911.11,637.0366666666666,28,1
13897.0,1,311.15999999999997,311.15999999999997,12,0
13898.0,1,155.93,155.93,287,0
13899.0,1,298.5,298.5,236,1
13900.0,3,740.9499999999997,246.98333333333323,145,0
13901.0,5,2867.199999999997,573.4399999999994,34,0
13904.0,1,201.12000000000003,201.12000000000003,256,1
13908.0,4,2369.550000000001,592.3875000000003,41,0
13911.0,9,2580.91,286.7677777777778,19,0
13917.0,2,272.0399999999999,136.01999999999995,11,0
13918.0,2,1212.84,606.42,11,0
13919.0,2,384.81,192.405,21,0
13922.0,1,172.25,172.25,313,0
13923.0,1,351.13,351.13,15,0
13924.0,2,988.9300000000005,494.46500000000026,6,1
13925.0,4,678.2499999999999,169.56249999999997,54,1
13927.0,1,348.99000000000007,348.99000000000007,36,0
13928.0,2,225.45000000000002,112.72500000000001,68,1
13929.0,2,842.65,421.325,131,0
13930.0,2,337.34000000000003,168.67000000000002,19,0
13931.0,2,1237.5300000000002,618.7650000000001,57,0
13932.0,1,307.4,307.4,256,0
13933.0,2,608.79,304.395,71,0
13934.0,1,922.0999999999997,922.0999999999997,225,0
13936.0,1,376.58,376.58,141,0
13937.0,1,158.85,158.85,131,0
13939.0,2,390.21000000000004,195.10500000000002,70,1
13940.0,3,616.3000000000001,205.43333333333337,26,1
13941.0,4,3859.300000000001,964.8250000000003,51,1
13946.0,3,561.57,187.19000000000003,41,0
13947.0,1,90.6,90.6,27,0
13948.0,1,102,102,322,0
13949.0,4,1604.250000000001,401.0625000000002,2,1
13950.0,2,323.65999999999997,161.82999999999998,35,1
13951.0,3,674.4499999999998,224.8166666666666,138,0
13952.0,2,3251.0700000000006,1625.5350000000003,179,0
13953.0,6,3104.3599999999997,517.3933333333333,14,0
13954.0,1,227.41,227.41,32,0
13955.0,2,322.9599999999999,161.47999999999996,116,0
13956.0,4,869.9200000000002,217.48000000000005,16,0
13959.0,3,598.1999999999999,199.39999999999998,41,0
13960.0,1,128.1,128.1,33,1
13962.0,1,117.6,117.6,207,1
13963.0,4,664.54,166.135,270,0
13967.0,1,80.7,80.7,107,0
13969.0,13,6014.779999999996,462.6753846153843,5,1
13971.0,7,2357.560000000001,336.7942857142858,21,1
13972.0,2,190.25000000000006,95.12500000000003,32,0
13973.0,1,264.70000000000005,264.70000000000005,249,0
13974.0,1,413.59,413.59,11,0
13975.0,4,1497.709999999999,374.4274999999997,90,1
13976.0,1,357.97999999999996,357.97999999999996,168,0
13978.0,1,158.98999999999998,158.98999999999998,7,1
13979.0,1,869.8700000000001,869.8700000000001,35,0
13980.0,1,200.14,200.14,22,0
13982.0,4,1871.8100000000002,467.95250000000004,1,0
13983.0,11,2474.55,224.95909090909092,1,1
13984.0,4,819.33,204.8325,88,1
13985.0,10,4962.2800000000025,496.22800000000024,4,1
13988.0,5,3685.520000000001,737.1040000000002,5,1
13989.0,2,1266.08,633.04,27,0
13990.0,1,311.29999999999995,311.29999999999995,175,0
13991.0,3,540.25,180.08333333333334,14,1
13993.0,9,3466.360000000002,385.15111111111133,4,1
13994.0,5,2197.040000000001,439.4080000000002,1,0
13995.0,4,1177.93,294.4825,18,1
13999.0,10,3177.4100000000035,317.7410000000003,26,1
14000.0,1,635.66,635.66,173,0
14001.0,3,2043.08,681.0266666666666,7,0
14002.0,2,529.73,264.865,96,0
14004.0,7,4582.640000000001,654.6628571428573,5,0
14005.0,4,977.68,244.42,37,1
14006.0,3,962.1899999999999,320.72999999999996,77,0
14009.0,2,695.6099999999999,347.80499999999995,160,0
14012.0,1,328.8,328.8,239,0
14013.0,3,473.0199999999999,157.67333333333332,72,0
14014.0,1,505.18,505.18,39,0
14015.0,1,917.3399999999999,917.3399999999999,14,0
14016.0,4,4341.210000000002,1085.3025000000005,123,0
14019.0,3,1421.6099999999997,473.8699999999999,8,0
14020.0,1,331.14000000000004,331.14000000000004,50,1
14021.0,3,631.9000000000001,210.63333333333335,117,0
14022.0,1,440,440,187,0
14023.0,1,273.14000000000004,273.14000000000004,212,0
14024.0,2,327.70000000000005,163.85000000000002,83,0
14027.0,1,104.82,104.82,22,0
14029.0,2,467.65999999999997,233.82999999999998,25,0
14030.0,7,1816.81,259.5442857142857,51,1
14031.0,17,14711.649999999996,865.391176470588,11,1
14032.0,7,2147.57,306.7957142857143,49,1
14034.0,2,473.9100000000001,236.95500000000004,119,1
14035.0,4,1127.7,281.925,9,1
14036.0,1,626.65,626.65,246,0
14037.0,2,147.2,73.6,138,0
14038.0,3,1560.379999999999,520.1266666666663,40,0
14040.0,12,3614.92,301.24333333333334,2,0
14041.0,1,141.41,141.41,228,0
14044.0,3,542.1099999999994,180.70333333333315,65,1
14045.0,4,1659.75,414.9375,71,0
14046.0,1,154.99,154.99,246,0
14047.0,4,957.46,239.365,35,0
14048.0,1,409.93,409.93,267,0
14049.0,3,3285.3899999999985,1095.1299999999994,120,1
14050.0,1,485.9799999999999,485.9799999999999,68,1
14051.0,19,11963.289999999997,629.646842105263,6,1
14053.0,2,260.25,130.125,86,0
14054.0,1,92.46000000000001,92.46000000000001,27,0
14055.0,1,725.6400000000001,725.6400000000001,68,0
14056.0,20,6781.179999999977,339.05899999999883,14,1
14057.0,16,5578.799999999997,348.67499999999984,28,1
14059.0,1,183.60000000000002,183.60000000000002,228,0
14060.0,17,5430.380000000002,319.43411764705894,18,1
14062.0,11,9225.470000000003,838.6790909090912,33,1
14064.0,4,1097.6799999999998,274.41999999999996,75,1
14066.0,1,152.55,152.55,228,0
14067.0,2,374.69999999999993,187.34999999999997,25,0
14068.0,1,265.85,265.85,282,0
14071.0,4,790.4700000000004,197.6175000000001,4,1
14075.0,1,307.92,307.92,223,1
14076.0,1,122.46999999999997,122.46999999999997,91,0
14077.0,5,499.4199999999999,99.88399999999999,2,0
14078.0,6,1049.3700000000001,174.895,63,0
14079.0,1,375.09999999999997,375.09999999999997,86,0
14081.0,2,934.52,467.26,264,0
14082.0,1,182.24999999999997,182.24999999999997,326,0
14083.0,7,548.92,78.41714285714285,88,0
14085.0,14,3538.7299999999987,252.76642857142846,7,1
14088.0,8,33640.2,4205.025,16,1
14089.0,1,161.00000000000003,161.00000000000003,18,0
14090.0,1,76.32000000000001,76.32000000000001,286,0
14092.0,11,3096.5900000000015,281.508181818182,29,1
14096.0,12,28401.030000000064,2366.7525000000055,1,1
14099.0,10,2890.3699999999985,289.03699999999986,5,1
14100.0,1,194.89999999999998,194.89999999999998,99,0
14101.0,6,5976.790000000001,996.1316666666668,35,0
14102.0,1,421.0999999999999,421.0999999999999,6,1
14104.0,2,216.21,108.105,116,0
14105.0,1,1266.2300000000005,1266.2300000000005,201,0
14107.0,7,2703.230000000001,386.17571428571443,13,0
14108.0,1,291.33000000000004,291.33000000000004,63,1
14109.0,1,144.2,144.2,34,1
14110.0,9,4990.670000000002,554.5188888888891,4,1
14111.0,3,295.5,98.5,57,1
14112.0,6,2704.0499999999984,450.6749999999997,2,1
14113.0,2,926.38,463.19,40,1
14114.0,2,386.53,193.265,235,0
14116.0,3,956.3200000000003,318.7733333333334,26,1
14117.0,1,90,90,105,0
14121.0,1,233.09999999999997,233.09999999999997,21,1
14124.0,1,419.58,419.58,46,0
14125.0,1,1295.4299999999998,1295.4299999999998,40,1
14127.0,3,709.7099999999996,236.56999999999985,84,0
14128.0,2,637.5000000000002,318.7500000000001,22,0
14129.0,3,726.2299999999999,242.07666666666663,57,1
14130.0,1,483.85999999999984,483.85999999999984,281,0
14132.0,7,2319.740000000001,331.3914285714287,22,1
14133.0,3,605.64,201.88,91,0
14135.0,11,3514.319999999998,319.48363636363615,37,1
14138.0,1,638.2100000000003,638.2100000000003,25,0
14139.0,1,415.81999999999994,415.81999999999994,8,0
14141.0,3,688.7800000000002,229.5933333333334,21,0
14142.0,1,311.81000000000006,311.81000000000006,335,0
14143.0,1,115.8,115.8,95,0
14145.0,4,3742.2,935.55,8,0
14146.0,4,2965.8400000000015,741.4600000000004,43,0
14147.0,2,483.4,241.7,40,0
14148.0,1,157.2,157.2,195,0
14149.0,1,446.62000000000006,446.62000000000006,182,0
14150.0,1,306.17999999999995,306.17999999999995,321,1
14152.0,2,621.2900000000001,310.64500000000004,37,0
14154.0,2,1345.62,672.81,201,0
14155.0,1,118.75,118.75,228,0
14156.0,50,110626.94999999976,2212.538999999995,11,1
14157.0,1,277.17,277.17,247,1
14158.0,1,507.6599999999998,507.6599999999998,2,0
14159.0,10,3845.190000000002,384.5190000000002,2,1
14161.0,3,1110.5200000000002,370.1733333333334,177,0
14162.0,2,289.36000000000007,144.68000000000004,135,0
14163.0,4,2445.9100000000003,611.4775000000001,49,0
14164.0,2,1631.7700000000002,815.8850000000001,32,0
14165.0,1,122.53999999999996,122.53999999999996,237,0
14167.0,4,574.84,143.71,1,0
14171.0,1,363.7899999999999,363.7899999999999,60,0
14173.0,2,243.80999999999995,121.90499999999997,7,1
14175.0,3,3222.3000000000015,1074.1000000000006,21,0
14176.0,4,576.9,144.225,259,0
14177.0,4,559.41,139.8525,48,0
14178.0,5,953.9499999999997,190.78999999999994,2,1
14179.0,2,719.7800000000001,359.89000000000004,2,0
14180.0,23,4408.619999999998,191.67913043478254,19,1
14184.0,1,452.89,452.89,28,0
14185.0,1,197.65,197.65,293,0
14188.0,5,1717.9599999999996,343.5919999999999,33,1
14189.0,12,3735.42,311.285,5,1
14191.0,9,2855.260000000001,317.25111111111124,14,1
14193.0,2,853.3900000000002,426.6950000000001,29,0
14194.0,18,8719.959999999997,484.4422222222221,4,1
14195.0,2,1012,506,163,0
14196.0,1,335.52,335.52,68,0
14198.0,3,528.8,176.26666666666665,48,1
14199.0,1,185.39999999999998,185.39999999999998,180,0
14201.0,7,747.4400000000002,106.77714285714288,22,0
14205.0,1,222.90000000000003,222.90000000000003,226,1
14206.0,1,328.1599999999999,328.1599999999999,201,0
14208.0,1,151.73999999999998,151.73999999999998,56,0
14209.0,5,1876.3300000000002,375.266,83,1
14210.0,6,1905.8399999999997,317.63999999999993,67,0
14211.0,9,2241.1000000000004,249.01111111111115,15,0
14212.0,1,1070.48,1070.48,51,0
14214.0,4,954.5800000000002,238.64500000000004,12,1
14215.0,5,1343.9100000000008,268.78200000000015,39,1
14217.0,14,1665.14,118.93857142857144,2,1
14218.0,1,169.48000000000002,169.48000000000002,4,0
14220.0,2,632.4,316.2,209,0
14221.0,9,3432.7999999999993,381.42222222222216,4,0
14222.0,1,683.17,683.17,139,0
14223.0,3,991.1300000000002,330.3766666666667,54,0
14224.0,4,1050.1200000000001,262.53000000000003,72,0
14226.0,3,1895.1699999999996,631.7233333333332,32,1
14227.0,9,3031.8999999999983,336.87777777777757,47,1
14229.0,3,1547.2,515.7333333333333,13,0
14231.0,3,925.7100000000003,308.5700000000001,145,0
14232.0,5,2048.07,409.61400000000003,4,1
14233.0,4,1462.7200000000005,365.6800000000001,11,0
14234.0,2,452.3399999999996,226.1699999999998,7,1
14235.0,5,3144.86,628.972,37,1
14236.0,2,490.85999999999996,245.42999999999998,42,0
14237.0,1,161,161,335,0
14238.0,1,146.85,146.85,288,0
14239.0,11,2380.8499999999995,216.44090909090903,5,0
14240.0,1,226.85000000000002,226.85000000000002,187,1
14241.0,1,213.7,213.7,145,0
14242.0,2,280.55,140.275,196,0
14243.0,8,2305.950000000001,288.24375000000015,57,1
14245.0,2,1693.4499999999994,846.7249999999997,181,0
14246.0,3,1474.0600000000004,491.35333333333347,72,0
14247.0,1,136.77000000000004,136.77000000000004,240,0
14248.0,1,302.58,302.58,280,0
14250.0,1,1228.83,1228.83,51,0
14251.0,1,1259.46,1259.46,19,1
14256.0,2,969.06,484.53,222,0
14257.0,5,3099.72,619.944,26,0
14258.0,8,11298.379999999997,1412.2974999999997,51,1
14259.0,1,120,120,103,0
14261.0,2,1163.4499999999998,581.7249999999999,12,0
14262.0,5,1593.7500000000005,318.7500000000001,15,1
14264.0,2,333.9700000000001,166.98500000000004,116,0
14265.0,2,530.18,265.09,71,0
14267.0,3,1516.24,505.41333333333336,124,0
14270.0,1,492.6499999999999,492.6499999999999,293,0
14271.0,1,112.32000000000001,112.32000000000001,187,0
14272.0,2,437.96000000000004,218.98000000000002,35,0
14273.0,4,559.9700000000001,139.99250000000004,13,0
14276.0,3,1119.7399999999998,373.2466666666666,60,0
14277.0,1,1637.4299999999996,1637.4299999999996,174,1
14280.0,1,134.04,134.04,158,0
14282.0,10,2796.7399999999993,279.6739999999999,43,1
14284.0,1,252.10000000000005,252.10000000000005,48,1
14285.0,2,1253.4300000000003,626.7150000000001,37,1
14286.0,2,2692.850000000001,1346.4250000000004,7,1
14287.0,2,83.28,41.64,160,0
14288.0,1,426.6,426.6,175,0
14289.0,5,832.7799999999999,166.55599999999998,96,0
14290.0,4,2050.1200000000003,512.5300000000001,18,1
14291.0,9,3325.5600000000004,369.5066666666667,19,0
14292.0,7,4458.609999999999,636.9442857142856,1,1
14293.0,3,739.4100000000002,246.47000000000006,109,0
14295.0,1,166.20000000000002,166.20000000000002,2,0
14297.0,3,724.9499999999999,241.64999999999998,13,1
14298.0,42,49593.14000000014,1180.789047619051,14,1
14299.0,7,3150.5500000000015,450.07857142857165,20,1
14301.0,1,640.14,640.14,79,0
14304.0,1,383.45000000000005,383.45000000000005,184,0
14305.0,3,1858.9599999999996,619.6533333333332,33,0
14306.0,2,2093.3199999999997,1046.6599999999999,13,0
14307.0,6,2995.7199999999975,499.28666666666624,50,0
14309.0,7,1633.6999999999996,233.38571428571422,55,1
14311.0,1,310.26,310.26,204,0
14312.0,6,1611.5900000000008,268.59833333333347,8,0
14314.0,1,120,120,68,0
14315.0,6,2481.1299999999997,413.5216666666666,6,1
14317.0,1,508.58,508.58,26,0
14320.0,2,477.78999999999996,238.89499999999998,168,0
14321.0,4,1230.5899999999997,307.6474999999999,35,1
14323.0,2,605.0599999999998,302.5299999999999,76,0
14326.0,1,183.85,183.85,204,0
14327.0,1,311.65,311.65,125,0
14329.0,5,4646.39,929.278,11,1
14331.0,2,462.65999999999997,231.32999999999998,86,0
14332.0,2,585.34,292.67,28,1
14333.0,1,415.2,415.2,29,0
14334.0,7,2328.710000000001,332.67285714285725,55,1
14335.0,1,359.25,359.25,58,1
14336.0,3,1114.3899999999999,371.4633333333333,160,1
14338.0,2,588.2199999999998,294.1099999999999,123,0
14339.0,1,309.52,309.52,204,0
14340.0,1,134.7,134.7,180,0
14341.0,8,2182.279999999999,272.78499999999985,7,0
14342.0,2,419.74,209.87,99,1
14344.0,8,889.9299999999998,111.24124999999998,89,0
14346.0,2,1021.58,510.79,82,0
14348.0,1,409.57000000000005,409.57000000000005,222,0
14350.0,1,282.93,282.93,236,0
14351.0,1,51,51,126,0
14352.0,4,1078.96,269.74,119,0
14353.0,1,90.6,90.6,177,0
14355.0,1,174.4,174.4,327,0
14356.0,2,701.23,350.615,41,0
14357.0,1,225.77,225.77,5,0
14359.0,2,785.4799999999999,392.73999999999995,4,1
14360.0,3,1917.2800000000004,639.0933333333335,29,1
14364.0,8,3717.3499999999995,464.66874999999993,70,0
14367.0,13,7714.680000000002,593.4369230769232,13,1
14368.0,1,155.00000000000003,155.00000000000003,281,0
14371.0,1,100.5,100.5,257,0
14373.0,1,76.55,76.55,320,0
14375.0,1,257.67999999999995,257.67999999999995,147,0
14377.0,2,617.0499999999998,308.5249999999999,153,0
14379.0,2,348.1000000000001,174.05000000000004,6,0
14381.0,1,202.68,202.68,14,0
14383.0,2,917.8099999999997,458.90499999999986,26,1
14386.0,1,142.4,142.4,258,0
14387.0,2,929.7400000000004,464.8700000000002,36,1
14388.0,6,2277.7699999999986,379.6283333333331,53,1
14389.0,2,1043.46,521.73,27,0
14390.0,5,2472.46,494.492,18,1
14393.0,1,67.95,67.95,180,0
14395.0,8,2948.7200000000007,368.5900000000001,22,0
14396.0,2,487.98999999999967,243.99499999999983,27,0
14397.0,14,1590.1800000000007,113.58428571428577,4,1
14400.0,1,574.7,574.7,111,0
14401.0,11,3384.88,307.71636363636367,42,1
14403.0,4,1475.81,368.9525,92,0
14404.0,5,1347.5200000000004,269.5040000000001,70,1
14406.0,1,156.75000000000003,156.75000000000003,81,0
14407.0,6,2157.7300000000005,359.6216666666667,69,0
14408.0,6,2298.3100000000004,383.05166666666673,56,1
14409.0,6,2059.45,343.2416666666666,33,0
14410.0,9,1105.07,122.78555555555555,54,1
14411.0,1,1062.9999999999998,1062.9999999999998,272,0
14412.0,2,770.0299999999997,385.0149999999999,4,1
14413.0,1,122.70000000000002,122.70000000000002,324,0
14414.0,7,1496.9799999999998,213.85428571428568,53,0
14415.0,11,4693.150000000005,426.6500000000005,4,1
14416.0,1,361,361,4,1
14418.0,1,150.44000000000003,150.44000000000003,70,1
14419.0,4,667.6000000000003,166.90000000000006,22,1
14420.0,1,387.5200000000001,387.5200000000001,61,0
14421.0,2,813.1099999999998,406.5549999999999,19,0
14422.0,4,3551.080000000001,887.7700000000002,15,1
14423.0,1,265.2,265.2,180,0
14426.0,6,2885.58,480.93,102,1
14427.0,2,363.34000000000003,181.67000000000002,12,0
14428.0,3,534.12,178.04,41,1
14431.0,1,470.35999999999996,470.35999999999996,264,0
14432.0,3,1280.2599999999995,426.75333333333316,9,1
14434.0,4,721.2,180.3,13,1
14436.0,1,89.05999999999999,89.05999999999999,60,0
14437.0,1,63,63,327,0
14438.0,1,131.9,131.9,268,0
14439.0,1,2661.24,2661.24,281,0
14440.0,4,1740.4300000000005,435.10750000000013,4,0
14441.0,3,1407.1899999999998,469.0633333333333,5,1
14442.0,2,1589.82,794.91,166,0
14443.0,4,1420.2000000000003,355.05000000000007,15,0
14446.0,2,685.2199999999999,342.60999999999996,42,1
14447.0,4,872.4700000000003,218.11750000000006,12,1
14448.0,1,102.35000000000001,102.35000000000001,326,1
14449.0,3,714.6999999999988,238.23333333333292,26,1
14450.0,3,483.25,161.08333333333334,142,0
14451.0,2,662.5900000000003,331.29500000000013,22,0
14452.0,1,127.37,127.37,55,1
14453.0,1,119.93,119.93,152,0
14456.0,6,2079.7900000000027,346.6316666666671,2,1
14457.0,1,113.64,113.64,272,0
14459.0,1,1837.9199999999996,1837.9199999999996,117,0
14460.0,3,434.3399999999999,144.77999999999997,72,0
14461.0,3,2103.0599999999995,701.0199999999999,110,0
14462.0,11,2004.0200000000011,182.18363636363645,28,0
14463.0,3,529.62,176.54,60,0
14465.0,3,1058.62,352.8733333333333,208,0
14466.0,6,1785.6500000000008,297.60833333333346,35,1
14467.0,2,311.96999999999997,155.98499999999999,8,1
14470.0,1,297.63999999999993,297.63999999999993,249,1
14472.0,8,1936.840000000002,242.10500000000025,65,0
14473.0,2,234.34,117.17,36,0
14474.0,1,547.66,547.66,8,0
14475.0,3,925.8499999999997,308.61666666666656,33,0
14476.0,1,215.69999999999996,215.69999999999996,219,0
14477.0,3,964.2,321.40000000000003,12,1
14479.0,2,316.24999999999994,158.12499999999997,215,0
14481.0,2,636.5100000000001,318.25500000000005,126,0
14482.0,3,1079.93,359.9766666666667,7,1
14483.0,1,137.1,137.1,243,0
14484.0,1,321.92,321.92,12,0
14487.0,5,1044.1399999999999,208.82799999999997,2,1
14488.0,1,1064.28,1064.28,29,0
14489.0,1,463.38000000000005,463.38000000000005,169,0
14491.0,2,340.93,170.465,137,0
14493.0,2,1010.7200000000003,505.3600000000001,8,1
14495.0,2,123.8,61.9,12,0
14496.0,2,538.8100000000001,269.40500000000003,273,0
14497.0,1,475.37,475.37,271,0
14498.0,5,1957.3200000000002,391.46400000000006,4,0
14499.0,2,370.9599999999999,185.47999999999996,95,1
14500.0,3,356.85,118.95,50,0
14501.0,2,251.20999999999998,125.60499999999999,145,0
14502.0,8,1643.9600000000014,205.49500000000018,30,1
14503.0,2,1284.4500000000005,642.2250000000003,32,1
14504.0,4,673.26,168.315,9,0
14505.0,6,4255.639999999992,709.2733333333321,71,1
14506.0,4,1515.2500000000016,378.8125000000004,28,1
14507.0,5,1145.5799999999997,229.11599999999993,2,1
14508.0,1,137.56,137.56,51,1
14511.0,3,648.3299999999999,216.10999999999999,27,1
14512.0,2,275.28000000000003,137.64000000000001,149,0
14513.0,3,455.5899999999999,151.86333333333332,62,0
14514.0,3,1055.3500000000001,351.78333333333336,23,0
14515.0,3,1349.0699999999995,449.6899999999998,28,1
14517.0,1,252.45000000000002,252.45000000000002,103,1
14518.0,1,174.36999999999998,174.36999999999998,26,0
14520.0,1,165,165,252,0
14522.0,3,831.5,277.1666666666667,33,1
14523.0,1,241.09000000000003,241.09000000000003,70,0
14524.0,8,1755.78,219.4725,33,1
14525.0,8,3335.580000000001,416.9475000000001,5,1
14527.0,48,6822.219999999967,142.12958333333265,1,1
14529.0,3,620.0400000000002,206.68000000000006,22,0
14530.0,5,2546.1200000000003,509.22400000000005,55,1
14532.0,4,932.8499999999997,233.21249999999992,198,0
14533.0,6,1797.06,299.51,22,1
14534.0,15,3781.06,252.07066666666665,27,1
14535.0,3,2864.1900000000037,954.7300000000013,22,0
14536.0,1,171.79999999999998,171.79999999999998,221,0
14537.0,1,355.56,355.56,19,0
14538.0,2,388.25,194.125,26,0
14539.0,1,72.13000000000001,72.13000000000001,6,1
14540.0,2,681.53,340.765,37,1
14541.0,8,1461.6500000000005,182.70625000000007,20,0
14542.0,1,103.25,103.25,147,0
14543.0,14,3301.7500000000005,235.83928571428575,35,1
14544.0,1,1121.9200000000003,1121.9200000000003,323,1
14546.0,4,2078.1000000000035,519.5250000000009,2,0
14547.0,1,490.1999999999999,490.1999999999999,16,1
14548.0,2,652.8,326.4,112,0
14549.0,1,289.2399999999999,289.2399999999999,273,0
14550.0,1,340.78999999999996,340.78999999999996,6,1
14551.0,1,125.43,125.43,166,1
14552.0,1,165.07000000000002,165.07000000000002,113,0
14553.0,2,312.32,156.16,180,1
14554.0,1,351.83,351.83,14,1
14555.0,2,324.14000000000004,162.07000000000002,19,0
14557.0,1,788.3800000000001,788.3800000000001,47,0
14560.0,18,1978.69,109.92722222222223,5,1
14561.0,3,1080.7600000000007,360.25333333333356,37,0
14562.0,12,3646.519999999999,303.8766666666666,11,1
14565.0,4,3099.1200000000013,774.7800000000003,57,0
14566.0,1,1432,1432,72,0
14567.0,2,1530.3600000000006,765.1800000000003,18,1
14570.0,2,218.06000000000003,109.03000000000002,242,0
14572.0,6,2697.790000000001,449.63166666666683,2,0
14573.0,9,1653.4200000000017,183.7133333333335,141,0
14576.0,1,35.400000000000006,35.400000000000006,334,0
14577.0,3,646.6399999999998,215.5466666666666,125,1
14582.0,1,114.11000000000001,114.11000000000001,2,0
14583.0,4,787.6400000000003,196.91000000000008,106,0
14584.0,4,1042.2599999999993,260.5649999999998,131,0
14585.0,1,157.05,157.05,12,0
14586.0,1,237.36,237.36,238,0
14587.0,8,1473.5300000000007,184.19125000000008,146,1
14589.0,1,39.75,39.75,333,0
14591.0,1,250.21999999999997,250.21999999999997,175,1
14592.0,2,409.16999999999985,204.58499999999992,18,1
14593.0,2,339.58999999999986,169.79499999999993,160,1
14594.0,1,255,255,335,0
14595.0,4,1533.0699999999997,383.2674999999999,18,1
14597.0,1,165.1,165.1,153,1
14598.0,1,221.96999999999997,221.96999999999997,6,0
14600.0,1,393.3299999999999,393.3299999999999,267,0
14603.0,1,660,660,236,0
14606.0,82,10674.530000000055,130.17719512195188,4,1
14607.0,10,12450.199999999999,1245.02,7,1
14608.0,2,790.95,395.475,47,1
14609.0,4,601.56,150.39,34,0
14616.0,3,406.08000000000004,135.36,204,0
14618.0,1,211.79999999999998,211.79999999999998,299,1
14619.0,1,394.44,394.44,207,0
14620.0,2,412.78,206.39,167,0
14621.0,3,1002.91,334.30333333333334,118,1
14622.0,1,320.58000000000004,320.58000000000004,146,0
14623.0,4,726.91,181.7275,5,1
14624.0,2,225.84999999999997,112.92499999999998,19,0
14625.0,2,899.6299999999999,449.81499999999994,158,0
14626.0,3,2182.2000000000003,727.4000000000001,26,1
14628.0,2,671.9600000000002,335.9800000000001,53,0
14629.0,1,604.8300000000003,604.8300000000003,9,1
14631.0,3,1006.9800000000002,335.6600000000001,12,0
14632.0,1,114.55999999999999,114.55999999999999,224,0
14633.0,1,344.9000000000001,344.9000000000001,228,0
14636.0,1,300.19000000000005,300.19000000000005,230,1
14638.0,1,443.59999999999997,443.59999999999997,12,0
14639.0,6,2984.4900000000025,497.4150000000004,14,0
14640.0,5,1807.1299999999997,361.42599999999993,21,1
14642.0,1,96.12,96.12,20,0
14643.0,2,693.8099999999998,346.9049999999999,132,0
14644.0,2,830.76,415.38,29,1
14645.0,2,597.0899999999999,298.54499999999996,118,0
14646.0,59,243102.59000000014,4120.382881355935,5,1
14647.0,1,243.21999999999994,243.21999999999994,163,0
14649.0,3,903.3000000000002,301.1000000000001,34,0
14651.0,2,654.6,327.3,29,0
14652.0,1,114.18,114.18,39,0
14653.0,3,1108.43,369.4766666666667,2,1
14655.0,2,1211.1699999999998,605.5849999999999,32,1
14656.0,2,291.05,145.525,131,0
14657.0,3,638.94,212.98000000000002,117,1
14658.0,1,123.14000000000001,123.14000000000001,79,0
14659.0,7,2067.980000000001,295.42571428571443,40,1
14660.0,2,285.74,142.87,48,0
14662.0,3,524.8599999999999,174.9533333333333,196,1
14665.0,5,1835.700000000001,367.1400000000002,22,0
14667.0,19,7140.309999999996,375.805789473684,36,1
14669.0,3,1269.9900000000002,423.3300000000001,203,0
14670.0,2,411.5299999999998,205.7649999999999,242,0
14672.0,2,765.5500000000002,382.7750000000001,196,0
14673.0,1,373.48999999999995,373.48999999999995,329,1
14676.0,5,2170.9599999999996,434.1919999999999,40,1
14680.0,15,27586.509999999995,1839.1006666666663,33,1
14681.0,3,498.95,166.31666666666666,33,0
14682.0,2,52,26,149,0
14684.0,4,923.1499999999996,230.7874999999999,2,1
14687.0,1,628.38,628.38,68,0
14688.0,19,4970.999999999998,261.6315789473683,1,0
14689.0,1,112.80000000000001,112.80000000000001,170,0
14690.0,2,371.69999999999993,185.84999999999997,6,0
14691.0,4,1769.0699999999997,442.2674999999999,33,1
14692.0,4,591.5500000000001,147.88750000000002,99,0
14693.0,1,172.9,172.9,226,0
14696.0,6,1778.4100000000005,296.40166666666676,33,0
14697.0,2,188.61,94.305,180,0
14698.0,2,617.7699999999999,308.88499999999993,9,1
14699.0,1,109.12999999999998,109.12999999999998,176,0
14700.0,2,1557.5999999999997,778.7999999999998,151,1
14701.0,7,1958.28,279.7542857142857,134,1
14702.0,13,2676.1999999999994,205.8615384615384,1,1
14704.0,6,1134.8600000000001,189.14333333333335,1,1
14705.0,1,179,179,160,0
14708.0,2,701.1800000000001,350.59000000000003,116,0
14709.0,10,4264.040000000002,426.40400000000017,33,1
14710.0,2,319.23,159.615,2,1
14711.0,9,2365.4200000000014,262.8244444444446,53,1
14712.0,2,421.47,210.735,37,1
14713.0,9,2029.6100000000017,225.51222222222242,61,1
14715.0,3,594.7499999999999,198.24999999999997,56,1
14716.0,2,329.68000000000006,164.84000000000003,5,0
14719.0,3,805.34,268.44666666666666,22,1
14720.0,2,401.13,200.565,51,0
14722.0,1,187.92,187.92,109,0
14723.0,4,667.7800000000002,166.94500000000005,2,1
14727.0,1,268.58000000000004,268.58000000000004,236,0
14729.0,1,313.49,313.49,335,0
14730.0,7,1760.1300000000028,251.44714285714326,27,0
14731.0,3,380.01999999999987,126.67333333333329,9,0
14732.0,6,1927.1900000000005,321.19833333333344,50,1
14733.0,11,9044.2,822.2,72,1
14735.0,26,4347.250000000001,167.20192307692312,43,1
14737.0,2,1081.75,540.875,90,0
14738.0,7,1314.4500000000005,187.7785714285715,4,0
14739.0,5,2857.36,571.472,27,1
14740.0,3,1448.21,482.7366666666667,159,0
14741.0,5,1168.39,233.67800000000003,16,1
14744.0,6,1011.7800000000001,168.63000000000002,21,1
14745.0,5,1220.2599999999998,244.05199999999996,74,0
14747.0,1,328.2,328.2,211,0
14748.0,4,1118.7700000000002,279.69250000000005,85,1
14752.0,1,389.64,389.64,5,0
14753.0,1,563.15,563.15,49,0
14754.0,2,638.05,319.025,6,0
14755.0,9,3615.1900000000014,401.6877777777779,2,1
14757.0,1,420.50000000000006,420.50000000000006,37,0
14758.0,4,1484.0600000000002,371.01500000000004,106,0
14759.0,2,870.8499999999997,435.42499999999984,74,0
14760.0,1,89.2,89.2,259,0
14761.0,2,255.89999999999998,127.94999999999999,20,0
14762.0,1,300.52,300.52,225,0
14764.0,1,278.3,278.3,8,0
14765.0,2,95.5,47.75,74,1
14766.0,5,2050.8499999999995,410.1699999999999,42,0
14768.0,1,133.20000000000002,133.20000000000002,89,1
14769.0,7,10332.780000000013,1476.1114285714305,44,0
14770.0,2,876.4199999999998,438.2099999999999,194,0
14772.0,1,139.26000000000002,139.26000000000002,74,0
14775.0,3,1011.9000000000001,337.3,20,0
14776.0,11,2538.2999999999993,230.7545454545454,13,0
14778.0,2,730.8599999999998,365.4299999999999,89,0
14779.0,3,386.1499999999999,128.71666666666664,242,0
14780.0,2,447.68000000000006,223.84000000000003,16,0
14782.0,1,200.10000000000002,200.10000000000002,281,0
14784.0,1,114.68,114.68,285,1
14790.0,2,364.04,182.02,81,1
14792.0,1,6.2,6.2,25,0
14794.0,4,679.54,169.885,165,1
14795.0,1,131.45000000000002,131.45000000000002,128,0
14796.0,15,7193.479999999982,479.56533333333215,18,1
14798.0,3,173.74,57.913333333333334,14,0
14799.0,1,157.7,157.7,13,0
14800.0,12,4339.74,361.645,9,0
14801.0,1,193.14000000000001,193.14000000000001,23,0
14803.0,3,845.5500000000001,281.85,124,0
14805.0,2,253.89999999999992,126.94999999999996,15,1
14806.0,1,193.39,193.39,37,0
14808.0,8,2741.1699999999987,342.64624999999984,1,0
14810.0,11,2087.8799999999987,189.80727272727262,2,0
14813.0,2,155.43,77.715,331,0
14815.0,1,551.58,551.58,29,1
14816.0,1,271.84999999999997,271.84999999999997,159,0
14817.0,2,1110.3400000000001,555.1700000000001,162,0
14818.0,3,657.8,219.26666666666665,35,0
14819.0,2,272.07,136.035,26,0
14820.0,2,242.19000000000003,121.09500000000001,37,1
14821.0,1,48.800000000000004,48.800000000000004,328,0
14823.0,3,321.4299999999999,107.1433333333333,142,0
14824.0,2,755.51,377.755,35,1
14825.0,9,1650.8099999999993,183.42333333333326,25,1
14828.0,3,2139.76,713.2533333333334,158,0
14829.0,3,531.63,177.21,146,1
14830.0,1,197.13000000000005,197.13000000000005,15,0
14834.0,4,1195.14,298.785,20,1
14837.0,4,1649.5000000000005,412.3750000000001,51,0
14840.0,1,62.85,62.85,229,0
14841.0,6,3295.7599999999984,549.2933333333331,15,0
14842.0,4,2824.690000000001,706.1725000000002,5,1
14844.0,4,3189.8099999999986,797.4524999999996,25,0
14847.0,1,309.40000000000003,309.40000000000003,110,0
14849.0,19,6569.880000000001,345.7831578947369,26,1
14850.0,1,325.75,325.75,273,0
14851.0,1,206.13000000000002,206.13000000000002,218,1
14852.0,6,2836.690000000001,472.7816666666668,20,0
14853.0,1,214.5,214.5,173,1
14854.0,7,2759.83,394.26142857142855,40,0
14855.0,2,645.6500000000001,322.82500000000005,81,0
14856.0,1,1003.2699999999998,1003.2699999999998,18,1
14857.0,2,1173.1200000000001,586.5600000000001,21,0
14859.0,2,927.1199999999997,463.55999999999983,42,1
14861.0,1,125.79,125.79,14,0
14862.0,1,304.1000000000001,304.1000000000001,110,1
14865.0,1,37.2,37.2,334,0
14866.0,8,11708.640000000005,1463.5800000000006,6,1
14867.0,3,710.2799999999999,236.75999999999996,147,0
14868.0,5,1634.7700000000004,326.95400000000006,33,1
14869.0,1,391.30999999999983,391.30999999999983,65,0
14870.0,1,327.25,327.25,223,0
14871.0,3,354.74999999999983,118.24999999999994,140,0
14873.0,1,519.6800000000001,519.6800000000001,172,0
14875.0,2,1465.32,732.66,69,1
14878.0,7,1193.7100000000005,170.53000000000006,44,1
14880.0,3,706.1900000000003,235.39666666666676,39,0
14883.0,5,666.0699999999999,133.214,1,1
14885.0,1,765.3199999999999,765.3199999999999,93,0
14886.0,1,364.80000000000007,364.80000000000007,214,0
14887.0,1,1862,1862,41,0
14888.0,1,369.2,369.2,169,0
14889.0,1,135.9,135.9,298,0
14890.0,1,125.65,125.65,215,0
14891.0,2,554.3800000000001,277.19000000000005,110,0
14894.0,1,655.75,655.75,47,0
14895.0,16,9442.169999999996,590.1356249999998,2,1
14896.0,2,468.77000000000004,234.38500000000002,166,0
14897.0,3,746.32,248.77333333333334,14,0
14898.0,5,1011.3,202.26,96,1
14901.0,7,1093.83,156.26142857142855,35,1
14903.0,4,2411.8200000000015,602.9550000000004,86,1
14905.0,2,616.15,308.075,119,0
14907.0,5,2608.179999999999,521.6359999999997,61,1
14908.0,1,277.8,277.8,36,0
14910.0,1,214.41,214.41,16,1
14911.0,158,114125.40999999939,722.3127215189835,1,1
14912.0,1,482.79,482.79,208,1
14913.0,3,917.1500000000002,305.71666666666675,145,1
14915.0,2,307.47999999999996,153.73999999999998,53,0
14916.0,4,1268.9799999999993,317.24499999999983,32,0
14918.0,2,1610.1499999999996,805.0749999999998,77,0
14920.0,2,977.77,488.885,174,0
14921.0,1,903.01,903.01,163,1
14923.0,1,749.1,749.1,12,0
14924.0,1,310.05,310.05,207,0
14930.0,3,2372.860000000001,790.9533333333337,70,0
14931.0,3,847.6500000000001,282.55,36,1
14932.0,1,363.53000000000003,363.53000000000003,327,0
14934.0,2,1890.9400000000003,945.4700000000001,43,0
14935.0,1,1784.71,1784.71,259,0
14936.0,6,6833.88,1138.98,27,1
14937.0,3,1621.88,540.6266666666667,18,0
14944.0,9,4922.509999999999,546.9455555555555,39,1
14947.0,2,290.82,145.41,34,0
14948.0,5,834.2700000000007,166.85400000000013,33,1
14951.0,1,311.69000000000005,311.69000000000005,41,0
14952.0,11,8099.490000000001,736.3172727272728,21,0
14957.0,1,58.489999999999995,58.489999999999995,215,0
14958.0,3,499.6799999999998,166.55999999999992,109,0
14959.0,4,695.42,173.855,26,0
14960.0,1,88.3,88.3,133,0
14961.0,8,5899.9299999999985,737.4912499999998,43,1
14962.0,1,126.7,126.7,232,0
14963.0,2,608.3500000000001,304.17500000000007,19,1
14964.0,1,206.20999999999998,206.20999999999998,209,0
14965.0,2,598.9999999999999,299.49999999999994,58,0
14967.0,1,463.79999999999995,463.79999999999995,11,0
14970.0,4,1592.06,398.015,30,0
14971.0,1,616.3599999999999,616.3599999999999,5,1
14972.0,1,114.77000000000001,114.77000000000001,90,0
14973.0,3,1314.45,438.15000000000003,69,0
14975.0,1,279.93999999999994,279.93999999999994,19,0
14976.0,7,790.86,112.98,19,0
14978.0,5,1931.420000000002,386.2840000000004,34,0
14981.0,1,102.12,102.12,208,0
14984.0,1,110.18,110.18,142,1
14985.0,2,296.7499999999999,148.37499999999994,160,0
14987.0,1,163.2,163.2,327,1
14988.0,1,334.53999999999996,334.53999999999996,173,0
14995.0,1,119.31000000000004,119.31000000000004,242,1
14997.0,3,546.1999999999999,182.06666666666663,8,0
14998.0,2,429.8699999999999,214.93499999999995,132,0
15000.0,1,490.51999999999975,490.51999999999975,9,0
15002.0,4,1641.7599999999995,410.4399999999999,77,0
15004.0,1,1246.3200000000004,1246.3200000000004,109,0
15005.0,25,5460.179999999992,218.40719999999968,6,1
15006.0,1,502.08999999999975,502.08999999999975,13,0
15007.0,1,156.91000000000003,156.91000000000003,121,0
15012.0,2,423.0399999999999,211.51999999999995,15,0
15014.0,2,260.16999999999996,130.08499999999998,5,0
15016.0,1,170.04,170.04,134,0
15018.0,2,291.34000000000003,145.67000000000002,214,1
15019.0,1,265.9999999999999,265.9999999999999,228,0
15021.0,6,1428.4100000000021,238.0683333333337,48,1
15022.0,1,353.23,353.23,9,1
15023.0,10,6111.1199999999935,611.1119999999994,1,0
15024.0,7,1067.7300000000002,152.53285714285718,21,1
15026.0,3,468.99999999999994,156.33333333333331,42,0
15027.0,3,966.9699999999998,322.32333333333327,130,1
15028.0,3,512.43,170.80999999999997,4,0
15030.0,2,518.28,259.14,33,0
15031.0,2,261.79,130.895,72,1
15032.0,3,4959.1,1653.0333333333335,218,0
15033.0,8,2137.4399999999987,267.17999999999984,1,1
15034.0,6,3298.860000000001,549.8100000000002,32,1
15035.0,1,252.73000000000005,252.73000000000005,51,0
15036.0,3,465.5499999999997,155.18333333333325,34,0
15038.0,6,705.4900000000002,117.5816666666667,20,0
15039.0,42,19102.260000000002,454.8157142857143,13,1
15041.0,1,180.35000000000005,180.35000000000005,132,0
15042.0,1,135.93,135.93,161,0
15044.0,16,6833.259999999995,427.0787499999997,1,1
15045.0,2,735.6600000000001,367.83000000000004,113,0
15046.0,13,4444.879999999999,341.91384615384607,8,1
15047.0,1,343.62,343.62,231,0
15048.0,4,384.04999999999995,96.01249999999999,27,0
15049.0,1,121.17000000000002,121.17000000000002,235,0
15050.0,2,1323.1799999999992,661.5899999999996,33,1
15051.0,2,1145.9299999999996,572.9649999999998,11,1
15052.0,1,215.78,215.78,281,0
15053.0,2,478.59999999999997,239.29999999999998,118,0
15054.0,1,168.42000000000004,168.42000000000004,2,1
15057.0,2,1489.5,744.75,237,0
15058.0,9,1644.0400000000034,182.6711111111115,12,1
15059.0,9,1337.7200000000016,148.63555555555573,2,0
15061.0,44,44849.35999999998,1019.3036363636359,11,1
15062.0,4,987.8599999999999,246.96499999999997,33,0
15063.0,1,370.79999999999995,370.79999999999995,175,0
15065.0,3,2858.7499999999995,952.9166666666665,126,1
15066.0,1,893.5899999999999,893.5899999999999,15,1
15067.0,3,1744.76,581.5866666666667,40,0
15068.0,2,553.3599999999998,276.6799999999999,8,0
15069.0,1,1109.5300000000007,1109.5300000000007,141,0
15070.0,1,106.2,106.2,334,0
15071.0,2,982.0699999999999,491.03499999999997,55,0
15073.0,2,861.96,430.98,147,1
15074.0,1,748.87,748.87,67,0
15075.0,1,773.0300000000001,773.0300000000001,39,0
15076.0,1,880.8499999999997,880.8499999999997,134,0
15078.0,27,8059.370000000005,298.4951851851854,18,1
15079.0,4,895.61,223.9025,174,0
15081.0,4,416.5499999999999,104.13749999999997,27,1
15083.0,1,88.19999999999999,88.19999999999999,218,0
15087.0,1,306.93999999999994,306.93999999999994,243,0
15088.0,1,864.1899999999999,864.1899999999999,29,1
15089.0,4,2182.9300000000007,545.7325000000002,6,1
15090.0,1,381.31999999999994,381.31999999999994,270,0
15091.0,1,480.71,480.71,29,0
15092.0,2,457.80999999999983,228.90499999999992,177,0
15093.0,5,4027.099999999998,805.4199999999996,78,1
15095.0,4,1370.6,342.65,65,0
15096.0,1,219.39,219.39,4,0
15098.0,3,39916.5,13305.5,144,0
15099.0,1,410.47999999999996,410.47999999999996,46,0
15100.0,3,876,292,295,0
15101.0,1,102.28,102.28,321,0
15103.0,1,291.68,291.68,48,1
15104.0,2,1027.44,513.72,158,0
15105.0,4,1717.5700000000006,429.39250000000015,29,1
15106.0,4,1302.4600000000003,325.61500000000007,27,1
15107.0,6,319.5,53.25,273,0
15108.0,4,1300.2500000000002,325.06250000000006,103,0
15109.0,1,484.95000000000005,484.95000000000005,207,0
15110.0,3,680.4000000000001,226.80000000000004,6,1
15111.0,2,1237.8000000000004,618.9000000000002,28,1
15113.0,1,2242.690000000001,2242.690000000001,16,1
15114.0,9,2252.2799999999997,250.2533333333333,33,1
15116.0,3,1202.7499999999998,400.9166666666666,19,1
15117.0,3,1202.0300000000007,400.6766666666669,12,1
15118.0,1,244.8,244.8,96,0
15119.0,1,266.4,266.4,207,0
15120.0,1,358.82,358.82,95,0
15121.0,2,457.72,228.86,12,0
15122.0,3,1633.78,544.5933333333334,76,0
15123.0,1,1069.4699999999998,1069.4699999999998,168,0
15124.0,1,90.75,90.75,153,1
15125.0,14,11170.480000000001,797.8914285714287,22,1
15127.0,1,406.53,406.53,27,0
15128.0,4,1471.0000000000005,367.7500000000001,22,0
15129.0,11,3447.399999999999,313.3999999999999,12,0
15130.0,1,330.11,330.11,131,0
15132.0,4,948.4300000000002,237.10750000000004,18,1
15133.0,3,982.42,327.4733333333333,89,0
15134.0,6,1064.4700000000003,177.41166666666672,7,1
15135.0,1,139.05,139.05,201,0
15136.0,1,582.8999999999999,582.8999999999999,58,1
15139.0,2,178.95999999999998,89.47999999999999,201,0
15140.0,7,2354.25,336.32142857142856,14,0
15142.0,1,498.74,498.74,8,0
15143.0,1,259.45000000000005,259.45000000000005,187,0
15144.0,15,5358.300000000003,357.2200000000002,5,1
15145.0,3,1036.3700000000003,345.45666666666676,5,0
15146.0,2,1327.1600000000012,663.5800000000006,126,0
15147.0,1,623.5000000000001,623.5000000000001,202,0
15149.0,1,520.8,520.8,95,0
15150.0,7,4368.489999999999,624.0699999999998,35,1
15152.0,9,3328.5400000000013,369.83777777777794,11,1
15154.0,1,296.41999999999996,296.41999999999996,37,0
15157.0,2,1505.37,752.685,116,0
15158.0,1,401.40000000000003,401.40000000000003,7,0
15159.0,25,14542.019999999997,581.6807999999999,12,1
15160.0,1,158.15999999999997,158.15999999999997,319,0
15163.0,1,155,155,154,1
15164.0,3,843.0500000000001,281.0166666666667,30,0
15165.0,1,487.75,487.75,335,0
15167.0,1,163.00000000000003,163.00000000000003,282,0
15171.0,1,1289.5,1289.5,293,0
15172.0,4,1247.9499999999998,311.98749999999995,32,0
15174.0,1,135.75000000000003,135.75000000000003,284,0
15175.0,1,224.14,224.14,33,0
15178.0,1,40.5,40.5,222,0
15179.0,4,1643.67,410.9175,15,1
15180.0,1,87.5,87.5,329,0
15181.0,3,689.48,229.82666666666668,28,0
15182.0,2,622.85,311.425,116,0
15184.0,1,235.23000000000002,235.23000000000002,152,1
15185.0,1,310.6200000000001,310.6200000000001,32,0
15186.0,1,229.26,229.26,130,1
15187.0,9,2687.0600000000004,298.56222222222226,12,1
15189.0,34,13029.370000000015,383.2167647058828,5,1
15192.0,3,1044.3200000000002,348.10666666666674,81,0
15193.0,1,499.3200000000001,499.3200000000001,22,0
15194.0,13,5488.219999999994,422.17076923076877,40,1
15197.0,2,773.25,386.625,214,1
15198.0,2,193.64,96.82,54,0
15199.0,4,1268.7,317.175,21,0
15201.0,5,1236.5400000000004,247.30800000000008,49,0
15203.0,5,1517.719999999999,303.54399999999976,41,1
15204.0,1,316.58,316.58,319,0
15205.0,2,653.2399999999999,326.61999999999995,47,0
15206.0,3,236.7,78.89999999999999,61,1
15208.0,3,495.82000000000005,165.27333333333334,25,1
15210.0,1,331.18,331.18,187,0
15211.0,2,894.4100000000001,447.20500000000004,22,0
15212.0,1,101.79999999999998,101.79999999999998,203,0
15213.0,2,328.34999999999997,164.17499999999998,280,0
15214.0,4,1061.3500000000004,265.3375000000001,25,1
15215.0,3,734.9399999999999,244.98,8,0
15216.0,1,96.6,96.6,49,0
15218.0,10,4949.209999999999,494.92099999999994,15,1
15219.0,1,305.75,305.75,138,0
15220.0,6,1778.959999999999,296.49333333333317,13,0
15221.0,1,403.25,403.25,328,0
15222.0,1,585,585,280,0
15223.0,2,755.7499999999999,377.87499999999994,187,0
15224.0,2,322.08,161.04,320,0
15225.0,1,409.40000000000015,409.40000000000015,196,0
15226.0,1,154.41,154.41,272,0
15227.0,3,876.8199999999999,292.2733333333333,177,1
15228.0,4,3386.7100000000046,846.6775000000011,28,0
15230.0,2,429.6,214.8,201,0
15232.0,2,612.06,306.03,75,0
15234.0,1,197,197,238,0
15235.0,12,2247.5099999999998,187.2925,179,0
15236.0,1,321.05,321.05,260,0
15237.0,3,1328.7200000000007,442.9066666666669,40,0
15238.0,2,772.7799999999999,386.38999999999993,57,1
15239.0,1,461.79,461.79,40,1
15240.0,5,1706.569999999999,341.3139999999998,6,0
15241.0,8,1756.4400000000007,219.5550000000001,28,0
15243.0,1,316.68,316.68,36,0
15244.0,2,631.57,315.785,27,0
15245.0,3,2515.8400000000006,838.6133333333336,96,0
15246.0,2,514.1499999999999,257.07499999999993,200,0
15247.0,1,356,356,84,0
15249.0,12,6280.9100000000035,523.4091666666669,27,1
15251.0,10,10121.110000000002,1012.1110000000002,2,1
15252.0,1,300.55,300.55,145,1
15253.0,3,640.5999999999999,213.5333333333333,50,1
15254.0,1,300.36,300.36,89,0
15255.0,1,890.8500000000003,890.8500000000003,28,0
15256.0,1,98.45,98.45,110,0
15257.0,1,317.15,317.15,245,0
15258.0,2,623.16,311.58,130,0
15260.0,7,1810.7700000000013,258.68142857142874,62,0
15261.0,1,254.81999999999996,254.81999999999996,97,0
15262.0,1,178.95000000000005,178.95000000000005,285,0
15263.0,1,156.51,156.51,68,0
15264.0,1,393.74,393.74,26,0
15265.0,2,1506.12,753.06,113,0
15266.0,1,119.30000000000001,119.30000000000001,300,0
15267.0,4,1587.76,396.94,4,1
15270.0,5,1850.2900000000002,370.05800000000005,79,1
15271.0,12,2040.2600000000014,170.0216666666668,8,1
15272.0,2,721.9400000000002,360.9700000000001,19,0
15276.0,1,135.31,135.31,28,0
15277.0,1,255.89999999999995,255.89999999999995,8,0
15279.0,1,290.50999999999993,290.50999999999993,316,0
15280.0,1,113.12,113.12,134,0
15281.0,9,2332.15,259.1277777777778,20,0
15286.0,1,240.55,240.55,11,0
15287.0,1,340.97999999999996,340.97999999999996,32,1
15288.0,5,2306.52,461.304,5,0
15289.0,2,697.9799999999999,348.98999999999995,99,1
15290.0,14,5970.229999999997,426.44499999999977,4,1
15291.0,12,3685.0200000000004,307.08500000000004,56,1
15292.0,1,180.94000000000003,180.94000000000003,163,0
15296.0,6,3672.859999999999,612.1433333333332,12,0
15297.0,1,230.45999999999998,230.45999999999998,25,1
15298.0,9,3834.5200000000004,426.0577777777778,2,1
15299.0,7,4507.01,643.8585714285715,29,0
15300.0,1,496.4399999999999,496.4399999999999,26,0
15301.0,12,5070.349999999998,422.52916666666647,12,0
15303.0,1,574.0200000000001,574.0200000000001,252,0
15304.0,8,694.4000000000001,86.80000000000001,22,0
15306.0,3,1174.35,391.45,26,0
15307.0,1,205.3,205.3,57,0
15308.0,1,310.4699999999999,310.4699999999999,236,0
15311.0,78,51812.1300000002,664.2580769230796,4,1
15312.0,4,924.85,231.2125,37,0
15313.0,1,52,52,72,0
15314.0,1,327.97,327.97,161,0
15315.0,2,570.4999999999999,285.24999999999994,26,0
15316.0,1,165,165,288,0
15319.0,1,204.50000000000003,204.50000000000003,245,0
15320.0,1,267.13,267.13,6,0
15321.0,3,2748.3100000000004,916.1033333333335,32,0
15322.0,1,679.6800000000001,679.6800000000001,47,0
15325.0,1,162.28999999999994,162.28999999999994,65,0
15326.0,1,311.71000000000004,311.71000000000004,295,0
15327.0,1,208.75,208.75,14,0
15329.0,3,1049.6999999999998,349.8999999999999,1,1
15330.0,1,320.4,320.4,22,1
15332.0,4,1661.06,415.265,328,0
15333.0,1,1028.5600000000002,1028.5600000000002,170,0
15334.0,3,351.67,117.22333333333334,118,0
15335.0,1,173.97000000000006,173.97000000000006,15,0
15339.0,2,574.0699999999998,287.0349999999999,28,0
15341.0,1,2020.52,2020.52,42,0
15342.0,1,406.09,406.09,91,0
15343.0,1,364.5,364.5,49,0
15344.0,1,308.69000000000005,308.69000000000005,36,1
15345.0,1,393.54,393.54,7,1
15346.0,1,252.42000000000002,252.42000000000002,294,0
15347.0,1,201.59999999999997,201.59999999999997,328,0
15348.0,1,158.04000000000002,158.04000000000002,34,0
15349.0,2,473.80999999999983,236.90499999999992,120,0
15350.0,1,115.65,115.65,335,0
15351.0,5,1390.9499999999998,278.18999999999994,16,1
15353.0,2,777.0200000000003,388.51000000000016,216,0
15355.0,1,126.25000000000001,126.25000000000001,15,1
15356.0,9,2616.4599999999978,290.71777777777754,33,1
15358.0,19,7137.439999999994,375.65473684210497,11,1
15360.0,1,427.93,427.93,1,0
15361.0,1,418.9200000000001,418.9200000000001,323,0
15363.0,1,326,326,334,0
15364.0,2,913.1900000000005,456.59500000000025,57,0
15365.0,4,1945.1499999999996,486.2874999999999,43,1
15366.0,2,602.51,301.255,37,0
15367.0,4,1877.5899999999997,469.3974999999999,19,0
15370.0,7,2386.05,340.86428571428576,2,0
15372.0,1,2007.4000000000003,2007.4000000000003,99,0
15373.0,9,1686.9000000000005,187.4333333333334,77,1
15374.0,1,168,168,90,0
15376.0,3,1233.3599999999997,411.1199999999999,2,0
15379.0,7,3703.289999999999,529.0414285714285,131,0
15380.0,4,1304.96,326.24,8,0
15381.0,2,596.8499999999999,298.42499999999995,175,0
15382.0,5,4709.899999999997,941.9799999999993,46,1
15384.0,2,642.4099999999999,321.2049999999999,131,0
15385.0,1,316.88,316.88,2,0
15386.0,1,394.1399999999999,394.1399999999999,148,0
15388.0,1,140.54,140.54,232,0
15389.0,1,500,500,134,0
15392.0,2,665.4600000000004,332.7300000000002,50,1
15393.0,1,124.10000000000001,124.10000000000001,243,1
15394.0,3,1854.1399999999994,618.0466666666665,40,1
15395.0,1,107.45000000000002,107.45000000000002,287,0
15396.0,1,288.18,288.18,74,0
15397.0,1,94,94,251,0
15398.0,1,634.8500000000001,634.8500000000001,40,1
15399.0,1,305.1700000000001,305.1700000000001,41,1
15400.0,5,716.2,143.24,54,0
15402.0,2,626.77,313.385,110,0
15405.0,1,349.1,349.1,151,0
15406.0,1,252.28999999999994,252.28999999999994,263,1
15407.0,3,740.7299999999999,246.90999999999997,145,1
15408.0,1,267.18000000000006,267.18000000000006,226,0
15410.0,8,3450.840000000001,431.35500000000013,46,0
15411.0,3,991.2599999999999,330.41999999999996,32,1
15412.0,1,190.53,190.53,133,0
15414.0,1,36.2,36.2,204,1
15415.0,1,572.81,572.81,275,0
15416.0,4,3984.3200000000006,996.0800000000002,26,0
15417.0,1,508.8000000000002,508.8000000000002,47,0
15421.0,4,950.3599999999999,237.58999999999997,20,0
15422.0,2,97.7,48.85,285,0
15424.0,2,383.34,191.67,216,0
15426.0,2,662.9800000000005,331.49000000000024,219,1
15427.0,1,371.02999999999986,371.02999999999986,9,1
15429.0,1,243.06,243.06,37,1
15433.0,2,533.2999999999997,266.64999999999986,175,0
15434.0,3,587.2800000000002,195.76000000000008,69,1
15436.0,2,859.3199999999996,429.6599999999998,9,1
15437.0,1,200.1599999999999,200.1599999999999,224,0
15438.0,1,156.58,156.58,93,0
15440.0,3,383.67999999999995,127.89333333333332,16,0
15442.0,1,594,594,210,0
15443.0,4,1677.0300000000009,419.2575000000002,7,1
15444.0,1,342.90000000000003,342.90000000000003,2,1
15445.0,1,113.5,113.5,226,0
15447.0,1,155.17000000000002,155.17000000000002,292,0
15448.0,1,494.64000000000004,494.64000000000004,274,0
15449.0,2,647.6999999999999,323.84999999999997,147,1
15452.0,2,413.33000000000004,206.66500000000002,33,1
15453.0,5,902.6599999999999,180.53199999999998,18,1
15454.0,1,179.10000000000005,179.10000000000005,324,0
15456.0,3,447.21999999999997,149.07333333333332,245,0
15457.0,1,237.07000000000005,237.07000000000005,224,0
15460.0,1,216.7599999999999,216.7599999999999,316,0
15462.0,3,234.60000000000002,78.2,56,0
15464.0,1,1048.8500000000006,1048.8500000000006,300,0
15465.0,17,6568.18,386.3635294117647,23,1
15466.0,1,334.5299999999999,334.5299999999999,47,0
15467.0,2,402.56000000000006,201.28000000000003,107,1
15468.0,2,467.51000000000005,233.75500000000002,13,1
15469.0,2,538.55,269.275,12,0
15472.0,1,371.55999999999983,371.55999999999983,75,0
15473.0,5,1057.2,211.44,20,1
15475.0,1,454.10999999999996,454.10999999999996,39,0
15478.0,2,1441.4199999999994,720.7099999999997,2,0
15480.0,1,905.5,905.5,78,0
15482.0,7,2863.5,409.07142857142856,7,1
15483.0,4,233.81000000000006,58.452500000000015,123,0
15484.0,2,2030.68,1015.34,18,1
15485.0,2,1278.6299999999999,639.3149999999999,298,1
15488.0,1,91.32000000000001,91.32000000000001,54,0
15489.0,2,790.9,395.45,19,1
15491.0,6,3100.0899999999983,516.6816666666664,57,0
15492.0,1,487.73999999999995,487.73999999999995,36,1
15493.0,3,1318.7500000000018,439.58333333333394,111,1
15494.0,1,1127.38,1127.38,83,1
15497.0,1,970.6,970.6,281,1
15498.0,25,11788.799999999996,471.55199999999985,5,1
15500.0,1,406.0200000000001,406.0200000000001,43,1
15502.0,10,9736.979999999985,973.6979999999985,29,1
15503.0,1,147.09,147.09,324,0
15504.0,1,52.83000000000001,52.83000000000001,43,0
15505.0,5,3610.9600000000005,722.1920000000001,14,0
15506.0,2,514.4100000000001,257.20500000000004,7,1
15507.0,1,492.35999999999984,492.35999999999984,133,0
15508.0,6,1000.2700000000002,166.7116666666667,151,0
15510.0,1,250,250,292,0
15511.0,3,514.4999999999998,171.49999999999991,12,1
15512.0,2,121,60.5,117,0
15513.0,18,13872.42,770.69,2,1
15514.0,6,2561.9400000000005,426.99000000000007,187,1
15516.0,3,62.43000000000001,20.810000000000002,6,0
15517.0,1,267.03000000000003,267.03000000000003,195,0
15518.0,8,1942.4500000000007,242.8062500000001,26,0
15521.0,8,3000.2,375.025,2,1
15522.0,1,259.90000000000003,259.90000000000003,49,1
15523.0,1,412.01000000000005,412.01000000000005,46,0
15525.0,1,313.93,313.93,335,1
15527.0,6,1608.34,268.0566666666667,51,1
15528.0,1,229.33,229.33,216,0
15529.0,10,3643.689999999999,364.3689999999999,28,1
15530.0,3,1168.7300000000002,389.57666666666677,111,1
15532.0,3,1225.7900000000002,408.59666666666675,93,1
15533.0,2,554.7399999999999,277.36999999999995,44,1
15535.0,4,536.4,134.1,135,0
15537.0,1,110.92,110.92,125,0
15541.0,1,85.13000000000002,85.13000000000002,76,0
15543.0,1,127.86000000000001,127.86000000000001,250,0
15544.0,7,2772.3699999999994,396.0528571428571,81,1
15545.0,2,292.71999999999997,146.35999999999999,16,0
15547.0,13,4432.42999999999,340.9561538461531,2,0
15549.0,3,1693.2599999999998,564.42,39,0
15550.0,3,433.2800000000001,144.4266666666667,68,0
15552.0,1,90.12000000000002,90.12000000000002,179,0
15553.0,1,437.2299999999999,437.2299999999999,22,0
15554.0,1,217.2,217.2,239,0
15555.0,13,3601.729999999993,277.05615384615334,20,1
15561.0,3,449.6700000000001,149.89000000000001,111,1
15562.0,1,134.55,134.55,313,0
15563.0,2,735.62,367.81,162,1
15565.0,2,173.16,86.58,12,0
15568.0,2,422.52,211.26,6,0
15569.0,5,1375.7099999999998,275.14199999999994,65,0
15570.0,9,2826.680000000002,314.0755555555558,103,1
15571.0,1,202.35000000000002,202.35000000000002,40,1
15572.0,4,1555.29,388.8225,71,1
15573.0,1,410.69999999999993,410.69999999999993,47,1
15574.0,4,702.2500000000002,175.56250000000006,139,0
15577.0,3,258.88,86.29333333333334,113,0
15578.0,1,127.09999999999998,127.09999999999998,124,0
15579.0,2,348.5999999999999,174.29999999999995,30,0
15581.0,13,3679.969999999998,283.07461538461524,82,0
15582.0,2,541.51,270.755,62,1
15584.0,3,581.0500000000002,193.6833333333334,9,1
15585.0,1,455.30000000000007,455.30000000000007,138,0
15587.0,4,913.6800000000002,228.42000000000004,12,0
15589.0,3,478.53000000000003,159.51000000000002,217,0
15592.0,1,388.5799999999999,388.5799999999999,8,0
15593.0,1,199.8,199.8,32,0
15594.0,3,1506.4299999999994,502.14333333333315,43,1
15596.0,5,1406.5899999999995,281.31799999999987,62,0
15598.0,1,240.68000000000006,240.68000000000006,15,1
15599.0,1,448.83000000000004,448.83000000000004,166,1
15601.0,13,6598.159999999995,507.5507692307689,18,1
15602.0,6,945.19,157.53166666666667,32,1
15603.0,1,48.480000000000004,48.480000000000004,40,0
15604.0,1,216.38999999999996,216.38999999999996,14,0
15605.0,4,894.78,223.695,51,1
15606.0,9,2920.1599999999994,324.4622222222222,23,0
15607.0,1,104.76000000000002,104.76000000000002,298,0
15608.0,3,971.28,323.76,22,1
15609.0,1,298.4800000000001,298.4800000000001,146,0
15610.0,1,112.46,112.46,13,0
15611.0,11,1340.3400000000001,121.84909090909092,4,1
15612.0,1,69.65,69.65,23,1
15615.0,21,8573.36,408.2552380952381,7,1
15618.0,3,419.0400000000001,139.68000000000004,54,1
15620.0,3,1553.180000000001,517.726666666667,18,0
15622.0,9,3709.5600000000013,412.17333333333346,5,0
15623.0,1,301.03000000000003,301.03000000000003,103,0
15624.0,4,588.13,147.0325,78,0
15625.0,4,1534.2599999999998,383.56499999999994,65,0
15626.0,2,675.8000000000001,337.90000000000003,36,0
15628.0,7,2363.359999999999,337.622857142857,8,1
15630.0,2,1186.35,593.175,7,0
15632.0,7,2978.96,425.5657142857143,25,1
15636.0,2,724.76,362.38,51,0
15637.0,1,223.35999999999996,223.35999999999996,14,0
15639.0,1,425.32,425.32,96,0
15640.0,12,9443.599999999991,786.9666666666659,40,1
15641.0,4,1887.2000000000016,471.8000000000004,67,0
15643.0,3,664,221.33333333333334,153,0
15644.0,4,813,203.25,128,0
15646.0,3,447.6400000000001,149.21333333333337,119,0
15648.0,2,657.35,328.675,166,0
15649.0,2,816,408,298,0
15651.0,1,227.32,227.32,222,1
15652.0,1,337.74,337.74,53,0
15653.0,2,877.44,438.72,54,0
15655.0,1,560.67,560.67,205,0
15656.0,4,748.5,187.125,7,0
15658.0,5,1024.1,204.82,152,0
15659.0,1,306.45,306.45,5,0
15660.0,7,1256.5,179.5,47,1
15661.0,2,309.80000000000007,154.90000000000003,279,0
15663.0,1,138.14000000000001,138.14000000000001,68,0
15664.0,1,386.43,386.43,12,0
15665.0,2,2242.0100000000016,1121.0050000000008,130,0
15667.0,1,301.32000000000005,301.32000000000005,1,0
15668.0,1,76.32000000000001,76.32000000000001,179,0
15669.0,4,684.3399999999999,171.08499999999998,2,0
15670.0,1,173.05000000000004,173.05000000000004,258,0
15671.0,5,1972.8900000000006,394.5780000000001,56,1
15673.0,4,2881.0200000000013,720.2550000000003,50,0
15674.0,5,2446.6000000000013,489.3200000000003,35,0
15675.0,3,323.69,107.89666666666666,43,0
15676.0,1,897.8000000000002,897.8000000000002,245,1
15677.0,1,657.23,657.23,11,0
15678.0,1,352.7,352.7,14,0
15679.0,2,260.26000000000005,130.13000000000002,116,1
15680.0,2,1021.7100000000004,510.8550000000002,2,1
15681.0,3,703.2199999999998,234.4066666666666,145,1
15683.0,1,193.75,193.75,79,0
15687.0,6,2241.1799999999994,373.5299999999999,27,1
15689.0,2,254.1,127.05,81,0
15690.0,1,111,111,62,0
15691.0,1,136.8,136.8,214,0
15694.0,10,4716.04,471.604,28,1
15695.0,2,409.97999999999996,204.98999999999998,228,0
15696.0,7,2016.8499999999995,288.1214285714285,41,1
15700.0,2,696.6799999999997,348.33999999999986,134,0
15701.0,3,1223.2000000000007,407.7333333333336,30,0
15703.0,1,211.50000000000003,211.50000000000003,226,0
15704.0,4,2293.6200000000013,573.4050000000003,102,0
15705.0,1,143.1,143.1,163,0
15706.0,4,1060.56,265.14,25,0
15707.0,3,637.6300000000001,212.54333333333338,5,1
15708.0,7,3364.2399999999993,480.6057142857142,2,0
15709.0,1,133.25,133.25,245,0
15712.0,4,865.9100000000002,216.47750000000005,33,1
15713.0,2,356.70000000000005,178.35000000000002,105,0
15714.0,1,132.48000000000002,132.48000000000002,39,1
15716.0,4,1118.8100000000004,279.7025000000001,107,0
15717.0,1,150.3,150.3,196,0
15719.0,12,4428.779999999992,369.0649999999993,25,1
15722.0,3,1424.8000000000002,474.9333333333334,70,1
15723.0,1,203.1,203.1,326,0
15724.0,2,218.25,109.125,163,0
15727.0,6,4609.29,768.215,69,1
15729.0,1,85,85,174,0
15730.0,3,1120.8800000000003,373.6266666666668,27,0
15732.0,2,294.12,147.06,174,0
15733.0,1,162.3,162.3,244,0
15734.0,2,1339.45,669.725,76,0
15737.0,6,1081.51,180.25166666666667,41,1
15738.0,15,4495.519999999998,299.7013333333332,5,1
15739.0,1,449.12000000000006,449.12000000000006,28,0
15740.0,1,154.88000000000002,154.88000000000002,11,0
15743.0,2,434.05,217.025,75,1
15744.0,1,34.8,34.8,39,0
15745.0,2,607.7500000000001,303.87500000000006,35,1
15746.0,1,196.87999999999997,196.87999999999997,96,0
15747.0,2,549.4699999999998,274.7349999999999,82,1
15748.0,1,149.31000000000003,149.31000000000003,2,0
15749.0,3,44534.3,14844.766666666668,197,0
15750.0,5,1617.8999999999994,323.57999999999987,34,1
15752.0,7,2637.3800000000033,376.7685714285719,1,0
15753.0,1,79.2,79.2,266,0
15754.0,3,458.5699999999999,152.85666666666663,13,0
15755.0,5,2076.7400000000002,415.34800000000007,36,1
15756.0,4,532.9599999999995,133.23999999999987,23,0
15757.0,2,714.4200000000001,357.21000000000004,27,0
15759.0,3,253.04000000000002,84.34666666666668,180,0
15762.0,2,583.75,291.875,27,0
15763.0,1,522.49,522.49,39,1
15764.0,6,3279.9700000000003,546.6616666666667,50,0
15766.0,1,315.06,315.06,26,0
15768.0,3,621.8299999999999,207.27666666666664,77,0
15769.0,24,50873.72,2119.7383333333332,2,1
15774.0,1,270.8,270.8,30,0
15775.0,1,104.9,104.9,207,0
15776.0,1,241.62,241.62,95,0
15777.0,4,1047.1100000000001,261.77750000000003,203,0
15780.0,3,475.28000000000003,158.42666666666668,145,0
15781.0,2,211.30000000000004,105.65000000000002,99,1
15782.0,2,2164.34,1082.17,11,1
15785.0,4,1665.8300000000006,416.45750000000015,119,1
15786.0,3,4932.199999999997,1644.0666666666657,8,0
15787.0,1,492.05,492.05,23,1
15789.0,1,351.29999999999995,351.29999999999995,320,0
15791.0,2,1612.69,806.345,5,0
15793.0,2,612,306,1,1
15795.0,1,610.0099999999999,610.0099999999999,111,0
15796.0,6,1887.7099999999996,314.6183333333333,34,1
15797.0,4,2207.4,551.85,75,0
15799.0,3,884.1399999999999,294.7133333333333,37,0
15800.0,2,699.0799999999998,349.5399999999999,69,0
15801.0,3,1063.9500000000003,354.6500000000001,8,0
15802.0,1,451.42,451.42,104,0
15803.0,1,415.82,415.82,13,0
15804.0,9,3173.5199999999986,352.6133333333332,26,1
15805.0,14,4946.159999999999,353.2971428571428,7,1
15806.0,3,784.5800000000003,261.52666666666676,8,0
15807.0,3,903.9,301.3,12,0
15808.0,4,3734.969999999997,933.7424999999993,268,0
15809.0,4,399.21,99.8025,146,1
15810.0,4,1391.9799999999998,347.99499999999995,40,0
15811.0,5,1773.8,354.76,67,1
15812.0,5,1801.1399999999999,360.22799999999995,69,0
15813.0,2,1303.9099999999999,651.9549999999999,169,0
15814.0,2,1120.9499999999998,560.4749999999999,12,1
15815.0,5,2100.6,420.12,25,0
15819.0,4,1905.449999999999,476.3624999999997,11,0
15820.0,1,206.98,206.98,281,0
15821.0,2,570.9600000000002,285.4800000000001,6,0
15822.0,1,440.20000000000005,440.20000000000005,321,0
15823.0,1,15,15,334,0
15825.0,1,532.9399999999999,532.9399999999999,134,0
15826.0,3,1654.3099999999997,551.4366666666666,18,0
15827.0,14,1836.0900000000001,131.14928571428572,35,0
15829.0,2,636.1399999999999,318.06999999999994,61,0
15831.0,3,801.7599999999995,267.25333333333316,20,0
15832.0,1,836.7900000000001,836.7900000000001,216,0
15834.0,4,2233.750000000001,558.4375000000002,32,0
15835.0,4,954.0899999999997,238.52249999999992,6,0
15836.0,1,137.37,137.37,12,0
15837.0,1,391.97999999999996,391.97999999999996,26,0
15838.0,14,28333.580000000013,2023.8271428571438,26,1
15839.0,2,790.3599999999999,395.17999999999995,42,1
15840.0,2,355.55999999999995,177.77999999999997,20,0
15841.0,4,1224.0600000000004,306.0150000000001,34,0
15843.0,1,118.95000000000002,118.95000000000002,265,0
15844.0,1,130.74,130.74,8,0
15845.0,6,3070.0000000000005,511.66666666666674,48,1
15847.0,1,180.67999999999998,180.67999999999998,250,1
15850.0,1,118.88000000000002,118.88000000000002,130,1
15852.0,2,160.71,80.355,148,0
15853.0,1,110.79999999999998,110.79999999999998,13,0
15854.0,10,2839.9399999999996,283.99399999999997,48,0
15855.0,5,712.2399999999998,142.44799999999995,98,0
15856.0,21,13276.870000000046,632.231904761907,7,0
15858.0,4,1247.8399999999995,311.95999999999987,21,1
15860.0,8,977.2099999999999,122.15124999999999,2,0
15861.0,4,1693.740000000001,423.43500000000023,7,1
15862.0,3,659.73,219.91,74,0
15863.0,1,9.2,9.2,154,1
15864.0,4,1478.4,369.6,28,1
15865.0,3,895.1299999999999,298.3766666666666,2,0
15866.0,1,230.52999999999997,230.52999999999997,63,0
15867.0,13,3307.6199999999994,254.43230769230766,32,1
15869.0,2,149.64000000000001,74.82000000000001,239,0
15874.0,7,4405.880000000001,629.4114285714287,25,0
15880.0,1,343.27999999999986,343.27999999999986,331,0
15881.0,5,501.38999999999993,100.27799999999999,274,0
15882.0,4,516.36,129.09,160,0
15885.0,3,379.3500000000001,126.45000000000003,54,0
15886.0,1,181.09000000000003,181.09000000000003,22,0
15888.0,1,168.30999999999997,168.30999999999997,42,0
15889.0,2,446.8699999999998,223.4349999999999,118,0
15891.0,1,524.52,524.52,188,0
15894.0,2,263.5499999999999,131.77499999999995,215,0
15895.0,1,179.17,179.17,111,0
15897.0,2,222.05,111.025,156,0
15898.0,4,1002.9899999999998,250.74749999999995,188,0
15899.0,1,56.25,56.25,330,0
15901.0,2,233.34999999999997,116.67499999999998,39,1
15903.0,4,2520.359999999999,630.0899999999998,32,1
15906.0,5,1388.1999999999998,277.64,30,1
15907.0,2,529.52,264.76,138,0
15909.0,1,191.94,191.94,135,0
15910.0,6,851.7700000000002,141.9616666666667,26,1
15912.0,2,264.62,132.31,140,0
15916.0,6,967.4299999999998,161.23833333333332,39,1
15917.0,1,123.10000000000001,123.10000000000001,209,0
15918.0,2,334.22999999999996,167.11499999999998,152,0
15919.0,1,270.7199999999999,270.7199999999999,330,1
15920.0,4,167.49999999999997,41.87499999999999,116,0
15921.0,1,336.03000000000003,336.03000000000003,134,0
15922.0,1,369.50000000000006,369.50000000000006,335,0
15923.0,1,127.08,127.08,334,0
15925.0,1,207.14999999999998,207.14999999999998,156,0
15930.0,1,426.63000000000005,426.63000000000005,29,0
15932.0,7,2195.650000000001,313.6642857142859,50,0
15933.0,2,728.27,364.135,33,1
15935.0,2,416.86,208.43,201,0
15937.0,1,145.35,145.35,26,0
15938.0,5,404.58,80.916,74,0
15939.0,15,6115.0099999999975,407.66733333333315,51,0
15940.0,1,35.8,35.8,273,0
15942.0,1,337.44,337.44,95,0
15944.0,1,325.09999999999997,325.09999999999997,238,0
15945.0,1,181,181,327,0
15947.0,1,1708.2400000000002,1708.2400000000002,44,0
15948.0,1,644.2400000000001,644.2400000000001,5,0
15949.0,1,237.03999999999996,237.03999999999996,33,1
15950.0,3,1347.22,449.0733333333333,40,1
15951.0,1,375.16999999999996,375.16999999999996,247,0
15952.0,3,581.4000000000002,193.80000000000007,30,1
15953.0,6,1239.64,206.60666666666668,9,1
15955.0,13,3845.2800000000025,295.7907692307694,5,1
15958.0,1,104.35000000000001,104.35000000000001,36,0
15963.0,1,280.03999999999996,280.03999999999996,7,1
15965.0,1,156.19000000000003,156.19000000000003,329,1
15967.0,1,173.79999999999998,173.79999999999998,280,1
15969.0,2,531.0999999999999,265.54999999999995,11,1
15970.0,1,314.1,314.1,265,0
15971.0,11,3995.8499999999995,363.25909090909084,14,1
15973.0,1,307.82,307.82,328,0
15974.0,7,3442.15,491.7357142857143,1,0
15975.0,1,371.00999999999993,371.00999999999993,46,0
15976.0,2,430.9399999999997,215.46999999999986,127,0
15977.0,1,355.63,355.63,1,1
15978.0,1,1098.7800000000002,1098.7800000000002,39,0
15980.0,3,2398.8599999999997,799.6199999999999,50,0
15981.0,7,2849.8799999999987,407.1257142857141,39,1
15983.0,3,1148.2700000000004,382.75666666666683,322,1
15984.0,8,2091.960000000002,261.49500000000023,33,0
15985.0,2,1142.42,571.21,85,0
15987.0,6,1206.4200000000008,201.07000000000014,82,1
15990.0,2,792.1099999999999,396.05499999999995,6,0
15993.0,2,1285.4799999999998,642.7399999999999,6,1
15994.0,1,427.07000000000005,427.07000000000005,16,0
15996.0,6,1060.68,176.78,50,0
15998.0,4,2510.759999999997,627.6899999999993,49,1
16003.0,3,1793.9000000000003,597.9666666666668,96,1
16005.0,2,298.07999999999976,149.03999999999988,144,1
16006.0,1,101.39999999999999,101.39999999999999,173,0
16007.0,4,1701.9399999999996,425.4849999999999,9,0
16008.0,2,330.7100000000001,165.35500000000005,37,1
16009.0,2,850.95,425.475,5,1
16010.0,3,407.4999999999998,135.83333333333326,207,0
16011.0,14,2712.590000000001,193.75642857142864,5,1
16012.0,2,1132.1199999999994,566.0599999999997,90,1
16013.0,42,31053.75999999999,739.3752380952379,6,1
16014.0,2,529.9299999999998,264.9649999999999,114,1
16015.0,1,300.77000000000015,300.77000000000015,11,1
16016.0,5,926.4900000000004,185.29800000000006,41,1
16017.0,1,211.88,211.88,9,0
16018.0,2,408.9,204.45,1,0
16019.0,9,3786.2399999999975,420.69333333333304,8,0
16020.0,1,518.8000000000001,518.8000000000001,27,1
16022.0,1,628.28,628.28,222,0
16023.0,3,719.8100000000001,239.9366666666667,8,0
16026.0,1,236.08999999999997,236.08999999999997,5,0
16027.0,6,934.6200000000001,155.77,53,0
16029.0,62,80392.54000000008,1296.6538709677432,6,1
16030.0,1,331.24,331.24,271,0
16031.0,2,548.9400000000003,274.47000000000014,54,0
16033.0,18,7201.189999999989,400.0661111111105,28,1
16034.0,3,437.69999999999993,145.89999999999998,158,0
16036.0,2,758.9199999999993,379.45999999999964,49,0
16037.0,3,855.0200000000001,285.0066666666667,231,0
16038.0,2,393.33,196.665,139,0
16040.0,3,1313.5500000000006,437.8500000000002,27,0
16041.0,2,2739.8,1369.9,103,1
16042.0,4,892.7999999999998,223.19999999999996,19,1
16043.0,3,676.4900000000001,225.4966666666667,173,1
16045.0,4,1340.7000000000005,335.1750000000001,81,0
16048.0,2,256.44000000000005,128.22000000000003,335,0
16049.0,3,1111.7900000000002,370.59666666666675,2,0
16050.0,1,137.9,137.9,135,0
16052.0,1,362.05999999999995,362.05999999999995,16,0
16053.0,1,1124.1899999999994,1124.1899999999994,84,1
16054.0,1,783.9000000000002,783.9000000000002,107,0
16055.0,1,134.79999999999998,134.79999999999998,182,0
16056.0,1,664.8499999999998,664.8499999999998,7,0
16057.0,6,1544.2300000000002,257.3716666666667,58,1
16059.0,6,1459.8600000000004,243.31000000000006,27,0
16062.0,3,778.1400000000003,259.3800000000001,95,1
16063.0,1,335.32,335.32,222,0
16065.0,1,372.0899999999999,372.0899999999999,327,0
16066.0,3,857.6700000000002,285.89000000000004,9,1
16071.0,1,326.24,326.24,6,0
16072.0,1,584.3199999999999,584.3199999999999,250,0
16073.0,1,122.39999999999999,122.39999999999999,259,0
16076.0,8,1887.5699999999997,235.94624999999996,15,1
16078.0,1,79.2,79.2,245,0
16079.0,1,508.21999999999997,508.21999999999997,2,1
16080.0,2,217.16000000000003,108.58000000000001,43,0
16081.0,5,2806.899999999999,561.3799999999999,18,0
16083.0,2,1317.6200000000001,658.8100000000001,62,0
16084.0,1,436.18,436.18,261,0
16085.0,4,739.9799999999997,184.99499999999992,20,1
16086.0,5,1121.3899999999999,224.27799999999996,21,0
16091.0,2,315.06000000000006,157.53000000000003,116,0
16092.0,3,817.8600000000001,272.62000000000006,76,0
16093.0,1,17,17,68,0
16094.0,1,252.10000000000002,252.10000000000002,181,1
16096.0,1,320.62,320.62,226,0
16097.0,1,185.05,185.05,202,0
16098.0,7,2005.6300000000003,286.5185714285715,49,0
16099.0,3,731.9000000000003,243.96666666666678,12,0
16101.0,1,1290.6999999999998,1290.6999999999998,32,1
16102.0,3,1842.1400000000003,614.0466666666667,4,0
16103.0,5,1413.14,282.62800000000004,41,0
16104.0,1,302.36,302.36,23,0
16105.0,1,336.96000000000004,336.96000000000004,210,0
16106.0,1,108.38,108.38,27,0
16107.0,5,2307.52,461.504,4,1
16108.0,1,842.5000000000002,842.5000000000002,46,0
16109.0,2,611.8799999999998,305.9399999999999,180,0
16110.0,3,1337.4800000000002,445.82666666666677,7,0
16112.0,4,195.74,48.935,105,0
16113.0,1,161.38,161.38,145,0
16114.0,1,135.75000000000003,135.75000000000003,132,0
16115.0,7,1518.9600000000005,216.99428571428578,2,1
16116.0,1,612.7800000000002,612.7800000000002,173,0
16117.0,1,232.21,232.21,151,0
16119.0,1,309.48,309.48,34,0
16120.0,4,1309.14,327.285,21,0
16121.0,2,867.1099999999993,433.55499999999967,19,0
16122.0,4,684.4200000000001,171.10500000000002,35,0
16123.0,1,307.78,307.78,13,0
16124.0,1,249.00000000000003,249.00000000000003,279,0
16125.0,1,289.35,289.35,329,0
16126.0,3,3706.699999999999,1235.5666666666664,63,1
16127.0,1,656.2500000000001,656.2500000000001,1,0
16128.0,3,1412.0599999999995,470.6866666666665,39,1
16131.0,6,3506.540000000001,584.4233333333335,13,0
16133.0,28,12979.519999999993,463.55428571428547,1,1
16134.0,1,283.53000000000003,283.53000000000003,321,1
16135.0,1,517.55,517.55,224,0
16136.0,3,709.3799999999998,236.45999999999992,21,0
16139.0,2,306.37000000000006,153.18500000000003,74,1
16140.0,2,725.1799999999998,362.5899999999999,27,0
16141.0,1,620.4000000000001,620.4000000000001,50,0
16142.0,1,535.34,535.34,211,0
16143.0,5,1949.3599999999997,389.87199999999996,70,0
16144.0,1,175.2,175.2,208,0
16145.0,10,3432.099999999999,343.2099999999999,2,0
16146.0,3,734.13,244.71,119,0
16147.0,1,375.00000000000006,375.00000000000006,95,0
16148.0,1,76.32000000000001,76.32000000000001,258,0
16149.0,1,163.68,163.68,104,0
16150.0,5,2053.02,410.604,4,1
16152.0,1,1829.0399999999997,1829.0399999999997,230,0
16153.0,5,1824.23,364.846,11,0
16156.0,7,2410.4299999999994,344.3471428571428,11,1
16157.0,1,168.32000000000002,168.32000000000002,34,1
16159.0,1,348.2000000000001,348.2000000000001,243,0
16160.0,2,1025.4400000000003,512.7200000000001,27,0
16161.0,15,4300.880000000004,286.7253333333336,21,1
16162.0,1,37.4,37.4,214,0
16163.0,2,856.6000000000001,428.30000000000007,194,0
16164.0,1,245.36,245.36,4,1
16168.0,20,2915.0400000000004,145.752,18,1
16169.0,2,904.8,452.4,1,1
16170.0,6,1885.0499999999997,314.17499999999995,12,0
16171.0,1,73.2,73.2,21,0
16172.0,5,1140.21,228.042,57,0
16173.0,4,1006.82,251.705,6,1
16174.0,3,1009.5500000000001,336.5166666666667,88,0
16175.0,4,1037.5900000000001,259.39750000000004,56,0
16177.0,1,331.95,331.95,12,0
16178.0,1,197.9,197.9,100,0
16179.0,1,215.83000000000004,215.83000000000004,22,0
16180.0,8,10254.180000000002,1281.7725000000003,62,0
16181.0,1,305.54,305.54,35,0
16182.0,4,6617.65,1654.4125,34,0
16183.0,1,338.71000000000004,338.71000000000004,29,0
16184.0,6,1158.79,193.13166666666666,26,0
16185.0,1,334.99999999999994,334.99999999999994,194,1
16186.0,11,3594.140000000002,326.7400000000002,7,1
16187.0,14,6595.079999999997,471.07714285714263,13,1
16188.0,4,981.86,245.465,6,0
16189.0,1,144.48,144.48,47,1
16190.0,1,215.08,215.08,2,0
16191.0,10,4082.2600000000016,408.22600000000017,13,1
16193.0,1,314.45,314.45,198,0
16198.0,1,400.68000000000006,400.68000000000006,37,0
16200.0,1,550.5699999999999,550.5699999999999,126,0
16201.0,2,782.8299999999997,391.41499999999985,7,1
16202.0,1,365.27000000000004,365.27000000000004,322,0
16203.0,4,592.9,148.225,20,0
16205.0,2,435.50000000000006,217.75000000000003,29,1
16206.0,4,537.0600000000001,134.26500000000001,16,0
16208.0,2,664.26,332.13,6,0
16209.0,5,2262.6199999999994,452.5239999999999,50,0
16210.0,13,12135.619999999995,933.5092307692304,25,1
16211.0,1,547.02,547.02,50,0
16212.0,1,498.14999999999986,498.14999999999986,245,1
16213.0,1,159.00000000000003,159.00000000000003,40,0
16214.0,3,1062.7500000000002,354.25000000000006,132,0
16215.0,1,242.35000000000002,242.35000000000002,42,0
16216.0,1,914.93,914.93,229,0
16217.0,2,304.25000000000006,152.12500000000003,197,0
16218.0,6,2635.48,439.24666666666667,76,1
16221.0,2,315.36999999999995,157.68499999999997,237,1
16222.0,1,846.7200000000005,846.7200000000005,280,0
16224.0,4,1295.3000000000004,323.8250000000001,19,0
16225.0,5,1096.32,219.26399999999998,6,0
16226.0,3,255.12,85.04,165,0
16227.0,1,314.22,314.22,187,0
16229.0,2,1010.6000000000001,505.30000000000007,49,0
16230.0,2,542.03,271.015,151,0
16232.0,4,990.8799999999999,247.71999999999997,5,1
16233.0,3,536.6799999999998,178.8933333333333,33,0
16235.0,5,867.31,173.462,2,0
16236.0,1,432.19999999999993,432.19999999999993,40,0
16239.0,2,414.20000000000005,207.10000000000002,18,0
16240.0,1,1824.7899999999997,1824.7899999999997,39,1
16241.0,11,1896.1700000000026,172.37909090909113,20,1
16242.0,4,1671.8800000000006,417.97000000000014,28,1
16243.0,1,214.95000000000002,214.95000000000002,16,1
16244.0,2,1522.7499999999993,761.3749999999997,173,0
16245.0,2,769.7,384.85,83,1
16247.0,1,114.56,114.56,132,0
16248.0,1,152.94000000000003,152.94000000000003,23,0
16249.0,5,1800.070000000001,360.01400000000024,14,0
16250.0,2,389.44,194.72,223,0
16253.0,2,3683.8599999999988,1841.9299999999994,28,1
16255.0,7,2182.7900000000022,311.8271428571432,57,1
16256.0,1,752.4300000000001,752.4300000000001,228,0
16257.0,1,46.95,46.95,138,0
16258.0,5,5203.510000000003,1040.7020000000007,7,0
16260.0,1,1035.45,1035.45,12,0
16261.0,3,562.4299999999997,187.47666666666657,37,1
16265.0,8,4657.1,582.1375,5,1
16266.0,7,861.8900000000001,123.12714285714287,35,0
16268.0,2,667.6499999999997,333.8249999999999,33,0
16270.0,1,1141.24,1141.24,315,0
16271.0,3,893.0299999999996,297.67666666666656,88,1
16272.0,1,411.70000000000016,411.70000000000016,78,0
16274.0,1,357.94999999999993,357.94999999999993,335,0
16275.0,1,559.8699999999998,559.8699999999998,158,0
16276.0,1,810.6000000000001,810.6000000000001,138,0
16278.0,1,566.3799999999999,566.3799999999999,62,1
16279.0,2,730.9800000000004,365.4900000000002,49,1
16281.0,1,2062.0600000000004,2062.0600000000004,34,0
16282.0,1,168.3,168.3,301,0
16283.0,4,1330.1399999999994,332.53499999999985,30,0
16284.0,1,399.4,399.4,12,1
16287.0,1,142.5,142.5,131,0
16292.0,1,302.25,302.25,83,0
16293.0,9,1906.1600000000008,211.79555555555564,11,1
16295.0,2,692.2999999999997,346.14999999999986,20,1
16297.0,1,301.90000000000003,301.90000000000003,230,0
16298.0,2,353.53999999999996,176.76999999999998,13,1
16302.0,1,233.22000000000003,233.22000000000003,88,0
16303.0,2,4036.330000000001,2018.1650000000004,77,1
16305.0,1,361.2199999999999,361.2199999999999,100,0
16306.0,6,632.27,105.37833333333333,175,0
16308.0,3,1600,533.3333333333334,69,1
16309.0,2,706.57,353.285,68,0
16311.0,1,401.54999999999995,401.54999999999995,11,1
16313.0,1,167.62,167.62,11,0
16315.0,1,226.37,226.37,292,0
16316.0,8,2938.909999999999,367.36374999999987,26,0
16317.0,3,1341.6499999999999,447.21666666666664,81,0
16319.0,1,404.40000000000003,404.40000000000003,179,0
16320.0,2,1038.46,519.23,134,0
16321.0,5,373.65000000000003,74.73,34,0
16323.0,1,207.50000000000003,207.50000000000003,158,0
16324.0,3,428.67999999999984,142.8933333333333,90,0
16325.0,3,594.2400000000001,198.08000000000004,8,0
16326.0,11,2330.5900000000006,211.87181818181824,9,1
16327.0,5,3172.389999999998,634.4779999999996,42,1
16330.0,2,48.96000000000001,24.480000000000004,74,1
16332.0,6,1390.890000000001,231.81500000000017,6,1
16333.0,19,19352.600000000002,1018.5578947368422,28,1
16338.0,1,214.8,214.8,119,0
16339.0,1,109.95000000000002,109.95000000000002,246,0
16340.0,1,549.0700000000004,549.0700000000004,69,0
16341.0,2,1531.8900000000003,765.9450000000002,47,1
16342.0,4,322.40999999999997,80.60249999999999,37,0
16344.0,1,101.10000000000001,101.10000000000001,120,0
16345.0,1,575.41,575.41,6,0
16348.0,5,1050.5400000000004,210.1080000000001,40,1
16349.0,1,53.49999999999999,53.49999999999999,252,0
16350.0,3,1001.8699999999998,333.9566666666666,26,1
16351.0,1,153.9,153.9,294,0
16353.0,17,4205.61,247.38882352941175,8,1
16354.0,2,395.7999999999999,197.89999999999995,25,0
16356.0,3,211.76999999999998,70.58999999999999,159,0
16357.0,2,257.95000000000005,128.97500000000002,124,1
16358.0,3,1594.3400000000004,531.4466666666668,25,0
16359.0,8,1640.1900000000003,205.02375000000004,27,0
16360.0,3,1481.9800000000012,493.99333333333374,28,1
16361.0,2,604.3,302.15,2,1
16362.0,4,519.6799999999996,129.9199999999999,21,1
16363.0,1,109.36000000000001,109.36000000000001,15,0
16364.0,1,347.5499999999999,347.5499999999999,99,1
16365.0,7,862.5600000000001,123.22285714285715,85,1
16367.0,1,170.90999999999994,170.90999999999994,324,1
16369.0,2,851.6900000000003,425.84500000000014,42,1
16370.0,4,1320.560000000001,330.14000000000027,44,0
16374.0,2,473.02999999999975,236.51499999999987,28,0
16377.0,1,676.2,676.2,229,0
16378.0,3,362.95,120.98333333333333,209,0
16379.0,1,478.88,478.88,40,1
16380.0,1,1780.5900000000001,1780.5900000000001,23,0
16383.0,2,668.3599999999997,334.17999999999984,36,0
16384.0,2,584.5,292.25,51,0
16385.0,3,555.8899999999996,185.29666666666654,22,0
16386.0,1,61.10000000000001,61.10000000000001,215,1
16387.0,1,94.36,94.36,284,0
16389.0,4,1382.0700000000002,345.51750000000004,15,0
16392.0,1,221.19,221.19,231,0
16393.0,10,2119.630000000002,211.9630000000002,14,1
16394.0,5,1555.3400000000001,311.06800000000004,18,0
16395.0,5,1486.8999999999996,297.37999999999994,22,0
16398.0,2,1705.8000000000004,852.9000000000002,116,0
16399.0,1,178.41,178.41,197,1
16400.0,1,303.93,303.93,56,0
16401.0,9,3079.9600000000014,342.21777777777794,7,1
16402.0,2,299.59999999999985,149.79999999999993,226,0
16403.0,1,177.5,177.5,274,0
16404.0,1,443.05000000000007,443.05000000000007,32,0
16405.0,2,167.25,83.625,264,0
16407.0,9,1794.7600000000011,199.4177777777779,36,1
16409.0,4,1420.0300000000009,355.0075000000002,49,1
16411.0,1,131.5,131.5,331,1
16412.0,1,151.83,151.83,15,0
16413.0,1,262.2,262.2,18,0
16414.0,1,50.8,50.8,242,1
16415.0,1,210.35000000000002,210.35000000000002,6,0
16416.0,2,678.7199999999999,339.35999999999996,5,1
16418.0,3,675.2700000000001,225.09000000000003,6,0
16419.0,6,972.2299999999999,162.03833333333333,74,0
16422.0,47,32580.659999999996,693.2055319148935,5,1
16424.0,1,133.56,133.56,153,0
16425.0,1,302.7,302.7,264,0
16426.0,5,934.2799999999996,186.85599999999994,8,1
16427.0,2,241.06,120.53,225,0
16429.0,1,284.55,284.55,68,0
16430.0,1,300.85,300.85,19,0
16431.0,3,642.81,214.26999999999998,175,0
16432.0,1,287.4,287.4,26,0
16434.0,5,1103.2700000000002,220.65400000000005,9,1
16438.0,2,353.12,176.56,5,1
16440.0,3,1808.8300000000002,602.9433333333334,13,1
16441.0,2,381.2,190.6,29,0
16442.0,2,437.0299999999999,218.51499999999996,189,0
16444.0,4,654.6700000000002,163.66750000000005,8,0
16446.0,1,2.9,2.9,167,0
16447.0,1,259.00999999999993,259.00999999999993,97,0
16448.0,1,188.89,188.89,160,0
16449.0,2,707.69,353.845,159,0
16450.0,1,311.92,311.92,111,0
16451.0,1,266.97,266.97,49,0
16454.0,2,6.9,3.45,6,0
16455.0,7,1841.180000000001,263.0257142857144,25,0
16456.0,5,2158.369999999999,431.6739999999998,61,0
16457.0,1,208.36,208.36,180,0
16458.0,14,2668.96,190.64000000000001,14,1
16460.0,2,512.0999999999996,256.0499999999998,34,1
16461.0,1,151.42,151.42,139,0
16462.0,3,136,45.333333333333336,35,0
16463.0,3,1119.3899999999996,373.1299999999999,14,1
16464.0,2,998.2499999999999,499.12499999999994,42,1
16466.0,6,1361.6000000000001,226.93333333333337,16,1
16468.0,1,74.9,74.9,36,0
16469.0,3,462.7199999999997,154.2399999999999,49,1
16470.0,4,762.3900000000003,190.59750000000008,13,0
16471.0,1,223.95,223.95,236,0
16473.0,3,316.11,105.37,126,0
16474.0,5,1398.4900000000011,279.6980000000002,12,1
16475.0,4,544.2999999999998,136.07499999999996,50,0
16477.0,7,2494.4600000000005,356.35142857142864,25,0
16478.0,2,235.9,117.95,26,1
16480.0,1,769.2899999999996,769.2899999999996,37,0
16483.0,1,139.35,139.35,154,0
16484.0,2,404.29999999999995,202.14999999999998,135,0
16485.0,1,363.65,363.65,39,0
16488.0,2,354.56999999999994,177.28499999999997,76,1
16491.0,1,731.4999999999999,731.4999999999999,8,0
16493.0,4,1351.6299999999997,337.9074999999999,41,0
16494.0,1,826.5299999999999,826.5299999999999,258,0
16495.0,2,246.51,123.255,238,0
16496.0,2,1185.04,592.52,169,0
16497.0,6,2965.689999999999,494.2816666666665,11,0
16498.0,2,100.97,50.485,123,0
16499.0,2,365.45,182.725,322,0
16500.0,1,165,165,292,1
16503.0,4,1431.9299999999998,357.98249999999996,68,0
16506.0,1,55.2,55.2,2,1
16509.0,1,363.7,363.7,258,0
16510.0,1,248.10000000000002,248.10000000000002,334,0
16511.0,2,582.6999999999998,291.3499999999999,106,1
16513.0,1,108.45000000000002,108.45000000000002,5,1
16515.0,5,1627.1300000000012,325.4260000000003,14,0
16517.0,1,162.7,162.7,239,0
16518.0,2,484.3200000000001,242.16000000000005,23,0
16519.0,1,103.7,103.7,327,1
16520.0,3,1046.5699999999995,348.8566666666665,148,0
16523.0,17,7113.510000000005,418.44176470588263,19,1
16525.0,23,11501.150000000001,500.05000000000007,41,1
16526.0,1,290.36,290.36,133,0
16527.0,1,228.06,228.06,43,0
16529.0,1,455.24999999999994,455.24999999999994,152,0
16531.0,5,889.4300000000002,177.88600000000002,36,1
16532.0,2,4516.8,2258.4,97,1
16533.0,2,987.8600000000008,493.9300000000004,16,1
16536.0,1,548.97,548.97,72,0
16539.0,3,1053.61,351.2033333333333,181,0
16542.0,1,119.61999999999999,119.61999999999999,15,0
16545.0,1,339.3,339.3,126,0
16546.0,2,787.1500000000001,393.57500000000005,252,0
16549.0,5,2031.4500000000014,406.2900000000003,7,1
16550.0,5,2298.9700000000007,459.79400000000015,70,0
16551.0,3,922.1199999999999,307.3733333333333,57,0
16552.0,2,379.73,189.865,204,0
16553.0,12,5719.819999999999,476.6516666666666,125,0
16554.0,3,837.1,279.03333333333336,4,0
16555.0,1,151.98,151.98,71,1
16556.0,7,3313.79,473.3985714285714,28,0
16557.0,1,101.15,101.15,99,1
16558.0,17,6586.460000000003,387.43882352941193,11,1
16560.0,1,332.17999999999995,332.17999999999995,320,1
16561.0,1,264.96,264.96,21,0
16563.0,1,1077.74,1077.74,15,0
16565.0,1,173.7,173.7,326,0
16566.0,4,502.28,125.57,18,1
16567.0,2,865.6,432.8,156,0
16570.0,8,2875.5000000000005,359.43750000000006,19,1
16571.0,2,896.79,448.395,138,1
16572.0,3,1009.5999999999997,336.53333333333325,89,0
16573.0,2,663.6099999999999,331.80499999999995,46,0
16574.0,1,451.4399999999999,451.4399999999999,33,0
16581.0,1,105.84,105.84,144,0
16582.0,1,313.62,313.62,75,0
16583.0,1,233.45,233.45,335,0
16584.0,2,936.0800000000003,468.04000000000013,42,0
16586.0,1,463.95,463.95,210,0
16587.0,1,225.14999999999995,225.14999999999995,194,0
16589.0,3,459.23999999999995,153.07999999999998,33,0
16591.0,1,213.5,213.5,30,0
16592.0,12,2443.4900000000016,203.6241666666668,12,1
16593.0,3,330.03000000000003,110.01,12,0
16594.0,1,181.09,181.09,37,0
16595.0,1,360.15999999999974,360.15999999999974,23,0
16596.0,1,120.65,120.65,328,1
16598.0,1,145.04999999999998,145.04999999999998,247,0
16600.0,3,353.20000000000005,117.73333333333335,36,1
16601.0,1,244.8,244.8,2,0
16603.0,2,482.46999999999997,241.23499999999999,36,0
16607.0,12,2750.490000000001,229.2075000000001,20,1
16609.0,6,4029.8199999999993,671.6366666666665,49,1
16610.0,1,75.66000000000001,75.66000000000001,181,0
16611.0,1,129.49,129.49,148,0
16612.0,3,870.2999999999998,290.09999999999997,81,1
16613.0,1,618.5899999999999,618.5899999999999,32,0
16614.0,1,506.19000000000005,506.19000000000005,144,0
16616.0,1,210.10000000000005,210.10000000000005,119,1
16617.0,1,151.85,151.85,197,0
16618.0,4,1441.29,360.3225,172,1
16619.0,1,226.21,226.21,225,0
16620.0,1,95.75999999999999,95.75999999999999,222,0
16621.0,4,813.48,203.37,13,0
16623.0,1,129.45000000000002,129.45000000000002,207,0
16624.0,2,810.5700000000003,405.28500000000014,42,0
16625.0,1,333.08,333.08,236,0
16626.0,12,3269.7400000000025,272.4783333333335,2,1
16627.0,1,322.8,322.8,41,0
16628.0,4,1619.8400000000001,404.96000000000004,68,1
16629.0,2,417.72999999999985,208.86499999999992,35,0
16633.0,5,2235.16,447.032,1,1
16634.0,2,217.9,108.95,184,0
16637.0,3,862.93,287.6433333333333,22,1
16638.0,9,1550.9399999999998,172.32666666666665,61,1
16639.0,2,471.15,235.575,168,1
16641.0,1,231.10000000000002,231.10000000000002,67,0
16642.0,1,307.72999999999996,307.72999999999996,169,0
16643.0,1,487.51,487.51,207,0
16644.0,2,833.7800000000001,416.89000000000004,139,0
16647.0,2,214.06,107.03,131,0
16648.0,1,290.66,290.66,4,1
16650.0,1,518.4200000000001,518.4200000000001,33,0
16652.0,7,6773.970000000002,967.7100000000003,20,0
16653.0,1,1117.8600000000001,1117.8600000000001,33,1
16654.0,4,601.2699999999999,150.31749999999997,103,0
16655.0,4,2911.199999999999,727.7999999999997,37,1
16656.0,13,8226.980000000001,632.8446153846155,4,1
16657.0,2,446.1099999999996,223.0549999999998,110,1
16658.0,1,123.24,123.24,330,0
16659.0,1,39.12,39.12,151,0
16660.0,2,384.35999999999996,192.17999999999998,172,1
16665.0,1,135.39999999999998,135.39999999999998,324,0
16667.0,2,570.1300000000003,285.06500000000017,30,0
16668.0,5,266.52000000000004,53.30400000000001,78,1
16669.0,2,729.49,364.745,40,1
16670.0,9,3581.7500000000005,397.9722222222223,19,1
16671.0,1,1382.8799999999999,1382.8799999999999,126,1
16672.0,18,7327.339999999999,407.0744444444444,34,1
16674.0,2,319.60999999999984,159.80499999999992,16,0
16676.0,3,1098.5,366.1666666666667,175,1
16678.0,8,2137.3000000000006,267.1625000000001,60,1
16679.0,1,129.75,129.75,328,0
16680.0,1,183.70000000000002,183.70000000000002,5,0
16681.0,6,1770.3400000000001,295.0566666666667,34,0
16682.0,4,917.14,229.285,19,0
16684.0,23,53064.399999999965,2307.147826086955,13,1
16685.0,2,324.24,162.12,23,0
16686.0,7,3062.829999999998,437.5471428571426,9,0
16688.0,2,831.52,415.76,5,1
16689.0,2,422.59999999999997,211.29999999999998,37,0
16690.0,2,225.58,112.79,34,0
16692.0,2,1276,638,218,0
16693.0,2,482.00999999999976,241.00499999999988,30,0
16696.0,4,657.9000000000001,164.47500000000002,97,0
16697.0,1,112.74999999999999,112.74999999999999,203,0
16698.0,2,1998,999,188,0
16700.0,11,4423.620000000005,402.1472727272732,42,1
16701.0,12,4899.86,408.32166666666666,6,0
16705.0,15,12583.329999999994,838.8886666666663,1,1
16706.0,2,411.54999999999984,205.77499999999992,60,1
16708.0,1,656.6299999999999,656.6299999999999,7,0
16709.0,5,3029.8699999999994,605.9739999999999,46,0
16710.0,8,2093.5900000000015,261.6987500000002,36,1
16711.0,3,909.8700000000001,303.29,102,1
16712.0,8,2499.8599999999997,312.48249999999996,57,1
16713.0,13,5302.009999999999,407.846923076923,28,1
16714.0,3,1161.5299999999997,387.17666666666656,180,0
16715.0,1,301.72,301.72,40,0
16716.0,2,901.2,450.6,228,0
16717.0,4,1559.6600000000003,389.9150000000001,57,1
16718.0,1,623.7500000000001,623.7500000000001,331,0
16719.0,6,1497.75,249.625,36,1
16721.0,1,292.4700000000001,292.4700000000001,224,0
16722.0,12,4421.450000000001,368.4541666666667,13,1
16723.0,2,589.1499999999999,294.57499999999993,53,0
16725.0,7,781.0200000000008,111.57428571428582,264,0
16726.0,4,795.19,198.7975,158,1
16727.0,1,272.82000000000005,272.82000000000005,326,0
16728.0,4,1054.6699999999998,263.66749999999996,8,0
16729.0,20,6665.259999999993,333.26299999999964,15,1
16730.0,3,743.1099999999998,247.70333333333326,14,0
16734.0,3,650.51,216.83666666666667,14,0
16735.0,5,2300.559999999999,460.1119999999998,40,0
16737.0,1,417.59999999999997,417.59999999999997,15,0
16738.0,1,3.75,3.75,259,0
16739.0,1,323.00000000000006,323.00000000000006,138,0
16742.0,1,464.9,464.9,8,0
16743.0,6,1885.8600000000006,314.3100000000001,75,1
16744.0,5,908.7300000000004,181.74600000000007,9,1
16745.0,17,7194.3,423.1941176470588,48,0
16746.0,14,5321.850000000001,380.1321428571429,37,1
16747.0,1,480.20000000000005,480.20000000000005,29,1
16748.0,3,910.2,303.40000000000003,179,1
16750.0,5,623.9299999999998,124.78599999999997,6,0
16752.0,1,207.5,207.5,334,0
16753.0,1,223.92000000000002,223.92000000000002,20,0
16754.0,1,2002.4,2002.4,334,0
16755.0,3,1496.8300000000004,498.94333333333344,76,0
16756.0,1,239.40000000000006,239.40000000000006,176,0
16757.0,1,106.83000000000001,106.83000000000001,280,0
16758.0,1,369.34000000000003,369.34000000000003,27,0
16761.0,1,316.61999999999995,316.61999999999995,58,0
16762.0,2,887.6,443.8,7,1
16763.0,1,611.85,611.85,160,0
16764.0,8,1573.360000000003,196.67000000000039,4,1
16765.0,1,34,34,256,0
16766.0,2,1145.6000000000001,572.8000000000001,235,0
16767.0,7,4825.500000000001,689.357142857143,55,1
16768.0,3,478.0899999999999,159.36333333333332,9,0
16769.0,1,380.38999999999993,380.38999999999993,222,0
16770.0,5,770.1,154.02,19,0
16771.0,4,2102.51,525.6275,37,1
16773.0,1,171.59,171.59,19,0
16774.0,4,661.52,165.38,29,0
16775.0,10,1566.5100000000016,156.65100000000015,19,1
16776.0,1,388.28000000000003,388.28000000000003,22,0
16777.0,2,226.35000000000002,113.17500000000001,42,0
16778.0,2,245.94,122.97,36,0
16779.0,16,7286.279999999997,455.3924999999998,33,1
16780.0,2,425.1899999999999,212.59499999999994,62,0
16781.0,1,311.25,311.25,334,0
16782.0,10,1804.3000000000015,180.43000000000015,39,1
16788.0,2,597.4799999999996,298.7399999999998,85,0
16791.0,6,1234.8199999999997,205.80333333333328,22,1
16792.0,2,110.38,55.19,244,0
16793.0,1,243.83999999999997,243.83999999999997,19,0
16794.0,6,832.6899999999997,138.7816666666666,9,1
16795.0,1,414.88,414.88,327,0
16796.0,1,305.61999999999995,305.61999999999995,51,0
16801.0,4,1619.730000000001,404.93250000000023,125,0
16803.0,1,332.29999999999995,332.29999999999995,27,0
16804.0,1,118.05000000000001,118.05000000000001,232,1
16805.0,2,460.59,230.295,135,0
16806.0,4,801.4899999999996,200.3724999999999,65,0
16807.0,3,1121.59,373.8633333333333,104,0
16808.0,2,288.42,144.21,61,0
16809.0,4,620.3700000000002,155.09250000000006,23,1
16810.0,1,309.54,309.54,154,0
16812.0,1,479.3500000000001,479.3500000000001,322,0
16813.0,9,1544.4399999999998,171.60444444444443,12,0
16814.0,19,6027.360000000001,317.2294736842106,8,1
16816.0,4,417.0600000000002,104.26500000000004,65,0
16817.0,7,1179.4299999999998,168.48999999999998,147,1
16818.0,10,3221.8100000000027,322.18100000000027,33,1
16820.0,1,497.61,497.61,57,0
16823.0,1,358.37999999999994,358.37999999999994,189,0
16824.0,1,222.9,222.9,126,1
16825.0,1,318.7,318.7,147,1
16826.0,1,341.7,341.7,13,0
16828.0,2,128.5,64.25,55,0
16829.0,1,197.22,197.22,118,0
16832.0,3,199.14999999999998,66.38333333333333,146,0
16833.0,3,671.2899999999998,223.7633333333333,221,0
16834.0,1,413.4599999999999,413.4599999999999,189,0
16835.0,2,180.85000000000002,90.42500000000001,90,0
16836.0,2,251.87000000000003,125.93500000000002,1,0
16837.0,10,2649.440000000001,264.9440000000001,21,1
16838.0,2,588.85,294.425,159,0
16839.0,27,13330.879999999996,493.73629629629613,18,1
16841.0,5,1561.0600000000009,312.21200000000016,99,1
16842.0,3,1264.1899999999996,421.39666666666653,62,0
16843.0,16,10196.570000000005,637.2856250000003,4,0
16846.0,1,214.32000000000002,214.32000000000002,12,0
16847.0,1,193.43999999999997,193.43999999999997,5,0
16848.0,1,281.41999999999996,281.41999999999996,14,0
16849.0,1,124.57,124.57,148,0
16850.0,1,332.4100000000001,332.4100000000001,295,0
16851.0,2,239.46,119.73,4,0
16852.0,1,113.06,113.06,138,1
16855.0,1,151.2,151.2,5,1
16858.0,1,375.6900000000001,375.6900000000001,330,0
16859.0,2,747.8100000000001,373.90500000000003,106,0
16861.0,2,173.76000000000002,86.88000000000001,21,0
16863.0,1,164.25,164.25,328,1
16866.0,3,207.73999999999998,69.24666666666666,102,0
16869.0,3,692.4000000000001,230.80000000000004,13,1
16871.0,5,2367.259999999999,473.45199999999977,51,1
16872.0,3,680.02,226.67333333333332,39,0
16873.0,5,5268.79,1053.758,23,0
16875.0,5,2095.530000000001,419.1060000000002,29,0
16877.0,3,458.00999999999993,152.67,2,1
16878.0,1,13.3,13.3,46,1
16880.0,6,1109.02,184.83666666666667,61,1
16881.0,1,432,432,28,0
16882.0,3,705.1199999999999,235.03999999999996,28,0
16883.0,2,276.72999999999996,138.36499999999998,149,0
16885.0,2,317.7499999999999,158.87499999999994,13,1
16889.0,3,1578.6700000000003,526.2233333333335,156,0
16891.0,3,560.1399999999999,186.71333333333328,57,1
16892.0,1,102.98000000000002,102.98000000000002,145,1
16893.0,1,145.92999999999998,145.92999999999998,328,0
16895.0,1,219.14000000000004,219.14000000000004,26,0
16897.0,2,289.78,144.89,261,0
16898.0,2,319.46999999999986,159.73499999999993,139,1
16899.0,4,588.2800000000002,147.07000000000005,51,1
16900.0,1,752.6800000000002,752.6800000000002,25,1
16902.0,1,1706.88,1706.88,78,0
16904.0,14,3049.0699999999983,217.79071428571416,56,1
16905.0,4,2059.740000000001,514.9350000000003,9,1
16906.0,4,579.7699999999999,144.94249999999997,43,0
16907.0,4,711.88,177.97,110,1
16909.0,1,379.14,379.14,34,0
16910.0,6,1159.67,193.27833333333334,14,1
16912.0,10,2418.9500000000003,241.89500000000004,29,1
16913.0,1,113.44,113.44,252,0
16915.0,5,511.9999999999997,102.39999999999995,6,1
16916.0,1,198.07999999999998,198.07999999999998,334,1
16917.0,1,391.5200000000001,391.5200000000001,238,0
16918.0,6,1068.8200000000002,178.13666666666668,11,0
16919.0,11,2596.45,236.04090909090908,118,0
16921.0,1,169.79000000000005,169.79000000000005,23,0
16923.0,16,6109.529999999994,381.84562499999964,2,1
16924.0,2,523.6500000000002,261.8250000000001,26,1
16926.0,1,230.25000000000003,230.25000000000003,333,0
16927.0,3,543.0500000000001,181.01666666666668,77,0
16928.0,17,2847.600000000001,167.50588235294123,42,0
16929.0,3,539.7200000000001,179.90666666666672,33,1
16930.0,2,207.11000000000004,103.55500000000002,30,1
16931.0,19,3893.6899999999882,204.93105263157832,1,1
16932.0,1,161.94,161.94,15,0
16933.0,1,224.73,224.73,201,0
16934.0,2,950.9299999999997,475.46499999999986,16,0
16938.0,3,2410.750000000002,803.5833333333339,141,0
16940.0,3,3049.8799999999997,1016.6266666666666,14,0
16942.0,7,1449.140000000001,207.02000000000015,98,1
16943.0,3,816.7299999999999,272.2433333333333,173,0
16945.0,16,3633.5600000000004,227.09750000000003,20,1
16947.0,1,406.4800000000001,406.4800000000001,197,0
16948.0,3,435.02,145.00666666666666,100,0
16949.0,5,1204.23,240.846,2,0
16950.0,3,1178.5600000000002,392.8533333333334,18,0
16951.0,3,1277.7500000000007,425.9166666666669,96,0
16952.0,2,167.61,83.805,71,0
16954.0,5,1470.5599999999997,294.11199999999997,22,1
16955.0,4,518.6700000000001,129.66750000000002,146,0
16957.0,2,416.64000000000004,208.32000000000002,201,0
16959.0,1,117.35000000000001,117.35000000000001,49,0
16960.0,2,358.09,179.045,22,1
16961.0,1,234.17000000000002,234.17000000000002,78,0
16963.0,1,110.55000000000001,110.55000000000001,149,0
16965.0,1,201.19,201.19,188,0
16966.0,5,1489.8100000000004,297.9620000000001,6,1
16967.0,1,319.02000000000004,319.02000000000004,151,0
16968.0,1,253.31,253.31,69,0
16969.0,3,650.4100000000002,216.8033333333334,1,0
16976.0,1,251.51999999999998,251.51999999999998,229,0
16978.0,1,344.3299999999999,344.3299999999999,39,0
16979.0,3,899.59,299.86333333333334,13,1
16980.0,2,1078.9600000000005,539.4800000000002,217,0
16982.0,1,384.05999999999995,384.05999999999995,22,0
16983.0,5,1190.3000000000002,238.06000000000003,58,1
16984.0,2,4481.3499999999985,2240.6749999999993,50,0
16985.0,8,4080.4400000000005,510.05500000000006,50,1
16987.0,6,1393.120000000001,232.18666666666684,4,0
16989.0,4,1027.65,256.9125,25,1
16990.0,1,179,179,180,0
16992.0,3,972.3500000000001,324.11666666666673,60,1
16996.0,5,1041.7800000000002,208.35600000000005,83,1
16997.0,3,702,234,250,0
16998.0,4,295,73.75,111,0
16999.0,1,245.83,245.83,36,1
17001.0,9,3224.2900000000004,358.2544444444445,8,1
17002.0,3,1493.73,497.91,47,0
17004.0,2,1412.9399999999994,706.4699999999997,8,0
17006.0,1,280.75999999999993,280.75999999999993,37,1
17007.0,6,889.9300000000001,148.3216666666667,12,0
17014.0,1,188.04999999999998,188.04999999999998,28,1
17015.0,2,1569.9800000000023,784.9900000000011,33,1
17017.0,16,6572.360000000004,410.77250000000026,6,1
17018.0,2,920.0999999999999,460.04999999999995,2,0
17019.0,3,995.9299999999996,331.9766666666665,223,1
17024.0,3,95.85,31.95,7,0
17025.0,3,357.77,119.25666666666666,22,0
17026.0,2,154.82999999999998,77.41499999999999,147,0
17027.0,6,890.2900000000006,148.38166666666677,40,0
17029.0,2,716,358,72,0
17030.0,1,146.87,146.87,25,0
17031.0,1,225.95000000000002,225.95000000000002,116,1
17033.0,3,1030.14,343.38000000000005,48,0
17034.0,2,364.88000000000005,182.44000000000003,41,1
17035.0,2,433.53000000000003,216.76500000000001,207,0
17037.0,1,1267.3200000000006,1267.3200000000006,49,0
17040.0,1,449.7299999999999,449.7299999999999,99,0
17041.0,2,750.89,375.445,70,1
17042.0,4,922.8200000000003,230.70500000000007,83,0
17043.0,3,1093.8200000000002,364.60666666666674,13,1
17045.0,3,339.44,113.14666666666666,75,0
17046.0,1,642.0199999999999,642.0199999999999,119,0
17047.0,3,1100.9000000000003,366.96666666666675,47,0
17048.0,3,925.35,308.45,79,0
17049.0,7,4525.799999999998,646.5428571428569,15,1
17050.0,6,3228.839999999999,538.1399999999998,58,0
17051.0,1,247.13999999999993,247.13999999999993,156,0
17053.0,1,498.47999999999996,498.47999999999996,92,0
17054.0,4,1207.3200000000006,301.83000000000015,99,1
17058.0,3,1179.89,393.2966666666667,43,0
17059.0,4,2250.100000000001,562.5250000000002,72,1
17060.0,1,234.24,234.24,228,0
17061.0,11,5232.23,475.6572727272727,35,0
17062.0,4,538.3699999999998,134.59249999999994,275,0
17063.0,6,1094.9699999999996,182.49499999999992,19,1
17064.0,3,859.3500000000004,286.4500000000001,20,0
17068.0,19,4242.359999999999,223.28210526315783,11,1
17069.0,7,2058.9100000000008,294.1300000000001,39,1
17070.0,1,312.13999999999993,312.13999999999993,76,0
17071.0,8,1996.87,249.60875,21,1
17073.0,3,1166.72,388.9066666666667,14,1
17075.0,3,696.07,232.02333333333334,215,1
17076.0,2,334.2,167.1,235,1
17079.0,1,118.80000000000001,118.80000000000001,40,0
17080.0,1,76.32000000000001,76.32000000000001,231,1
17081.0,1,111.90000000000002,111.90000000000002,8,1
17082.0,1,636.94,636.94,280,1
17083.0,3,1405.7799999999995,468.5933333333332,71,0
17085.0,5,1566.6500000000003,313.33000000000004,85,0
17086.0,2,641.88,320.94,11,1
17088.0,3,1751.7299999999998,583.91,34,1
17090.0,6,1819.9099999999999,303.3183333333333,14,0
17091.0,7,2691.9999999999977,384.57142857142827,60,1
17092.0,4,1777.78,444.445,12,0
17094.0,1,301.99999999999994,301.99999999999994,284,0
17095.0,2,543.96,271.98,261,1
17096.0,3,707.5499999999998,235.84999999999994,20,1
17097.0,6,639.5300000000001,106.58833333333335,62,1
17101.0,2,899.7299999999994,449.8649999999997,13,1
17102.0,1,25.5,25.5,223,0
17105.0,2,665.7800000000001,332.89000000000004,121,0
17107.0,4,8516.77,2129.1925,37,1
17109.0,3,573.76,191.25333333333333,6,1
17110.0,1,163.29999999999998,163.29999999999998,127,0
17111.0,1,248.60999999999996,248.60999999999996,9,0
17114.0,6,603.5899999999997,100.59833333333329,100,1
17115.0,2,612.8199999999999,306.40999999999997,144,0
17117.0,1,116.2,116.2,250,0
17118.0,1,157.01999999999998,157.01999999999998,279,0
17119.0,1,547.2499999999999,547.2499999999999,21,0
17120.0,1,307.46000000000004,307.46000000000004,195,0
17122.0,1,138.32,138.32,81,0
17123.0,1,345.29999999999995,345.29999999999995,123,0
17124.0,1,298.89000000000004,298.89000000000004,147,0
17125.0,1,259.35,259.35,12,0
17126.0,5,1004.7499999999993,200.94999999999987,114,0
17128.0,1,157.09000000000003,157.09000000000003,296,0
17131.0,3,1282.44,427.48,9,1
17133.0,4,4137.69,1034.4225,49,1
17134.0,2,424.99999999999994,212.49999999999997,68,0
17135.0,3,705.61,235.20333333333335,14,1
17138.0,1,380.5,380.5,237,0
17139.0,10,9560.349999999997,956.0349999999996,26,1
17140.0,1,465.3199999999998,465.3199999999998,209,0
17142.0,1,579,579,201,0
17144.0,1,595.89,595.89,46,0
17146.0,3,749.78,249.92666666666665,67,0
17147.0,3,1349.3000000000004,449.7666666666668,42,1
17148.0,1,124.88000000000001,124.88000000000001,13,0
17152.0,3,1689.5,563.1666666666666,156,0
17154.0,1,329.3399999999999,329.3399999999999,37,0
17155.0,1,143.29999999999998,143.29999999999998,139,1
17157.0,1,161.46,161.46,138,0
17158.0,2,698.55,349.275,194,1
17159.0,2,926.67,463.335,37,1
17160.0,5,3001.1800000000007,600.2360000000001,71,1
17162.0,9,1463.6599999999999,162.62888888888887,93,1
17163.0,1,123.10000000000001,123.10000000000001,40,1
17164.0,4,2016.2600000000002,504.06500000000005,41,1
17165.0,1,158.68,158.68,246,0
17166.0,1,127.59,127.59,165,1
17169.0,2,835.78,417.89,19,0
17171.0,1,224.90999999999994,224.90999999999994,251,0
17172.0,1,317.76,317.76,40,0
17173.0,5,1924.3200000000002,384.86400000000003,5,1
17174.0,1,59.9,59.9,179,0
17175.0,4,1443.6899999999998,360.92249999999996,6,0
17176.0,1,306.13,306.13,163,0
17179.0,3,711.7899999999998,237.2633333333333,140,0
17180.0,4,796.0300000000002,199.00750000000005,18,0
17181.0,2,239.92000000000002,119.96000000000001,19,0
17183.0,3,1555.5399999999995,518.5133333333332,2,1
17186.0,2,144,72,8,0
17187.0,1,203.95,203.95,188,0
17188.0,5,1815.09,363.018,126,1
17189.0,2,384.40000000000003,192.20000000000002,68,0
17190.0,2,444.74000000000007,222.37000000000003,20,0
17191.0,6,1562.9600000000007,260.49333333333345,56,1
17193.0,6,1682.76,280.46,7,1
17194.0,2,262.62,131.31,235,0
17198.0,2,521.6600000000001,260.83000000000004,327,1
17201.0,1,342.62999999999994,342.62999999999994,15,0
17203.0,3,2564.8900000000003,854.9633333333335,14,1
17204.0,4,1564.56,391.14,137,0
17205.0,1,384.08000000000004,384.08000000000004,15,0
17206.0,1,204.24,204.24,15,0
17211.0,7,1884.22,269.1742857142857,9,1
17212.0,1,226.85,226.85,215,0
17213.0,7,2781.230000000001,397.31857142857154,2,0
17214.0,6,1069.1200000000003,178.18666666666672,22,0
17217.0,1,113.5,113.5,196,0
17218.0,7,1360.6000000000001,194.3714285714286,33,1
17220.0,12,2904.470000000002,242.03916666666683,8,1
17222.0,1,354.15000000000003,354.15000000000003,27,0
17223.0,2,426.7899999999998,213.3949999999999,272,0
17226.0,1,393.48999999999995,393.48999999999995,270,0
17227.0,5,720.3100000000002,144.06200000000004,22,1
17228.0,6,1488.56,248.09333333333333,25,1
17229.0,2,318.76000000000005,159.38000000000002,58,0
17230.0,8,3638.4100000000008,454.8012500000001,226,0
17231.0,8,2319.790000000002,289.9737500000002,26,1
17234.0,1,149.89,149.89,144,0
17235.0,1,341.9,341.9,334,1
17236.0,5,697.7299999999998,139.54599999999996,141,1
17238.0,13,2510.5100000000016,193.11615384615396,12,1
17239.0,1,382.5,382.5,274,0
17242.0,2,1135.0399999999997,567.5199999999999,70,0
17243.0,18,5117.070000000001,284.2816666666667,12,1
17244.0,1,954.9,954.9,15,0
17245.0,1,171.45,171.45,166,0
17248.0,1,318.6500000000001,318.6500000000001,82,0
17250.0,1,162.65000000000003,162.65000000000003,223,0
17251.0,1,283.2799999999999,283.2799999999999,324,0
17252.0,2,353.8599999999999,176.92999999999995,78,0
17255.0,2,298.4099999999999,149.20499999999996,2,0
17256.0,2,239.99999999999994,119.99999999999997,69,0
17259.0,2,603.3700000000001,301.68500000000006,110,0
17262.0,5,1253.3600000000001,250.67200000000003,14,0
17263.0,1,63.44000000000002,63.44000000000002,170,0
17265.0,2,562.9,281.45,100,0
17266.0,1,113.06000000000002,113.06000000000002,109,0
17267.0,2,317.62,158.81,89,0
17268.0,4,763.64,190.91,69,0
17272.0,4,2148.63,537.1575,4,0
17277.0,2,1065.3499999999997,532.6749999999998,189,0
17278.0,1,246.04000000000002,246.04000000000002,203,0
17279.0,1,187.82999999999998,187.82999999999998,19,0
17282.0,3,1703.41,567.8033333333334,92,0
17284.0,6,1652.5800000000004,275.43000000000006,22,0
17287.0,6,880.3,146.71666666666667,36,1
17288.0,5,663.6999999999999,132.73999999999998,169,1
17289.0,1,167.36000000000004,167.36000000000004,142,1
17291.0,1,550.8000000000001,550.8000000000001,270,0
17293.0,7,1353.6799999999998,193.38285714285712,20,1
17295.0,1,279.36,279.36,26,1
17298.0,2,498.41999999999985,249.20999999999992,63,0
17299.0,3,578.0500000000001,192.68333333333337,51,1
17302.0,3,661.6100000000001,220.53666666666672,84,1
17303.0,1,250.03999999999994,250.03999999999994,323,0
17306.0,16,7206.240000000002,450.3900000000001,33,1
17309.0,1,82.75,82.75,57,0
17311.0,2,1384.8500000000001,692.4250000000001,40,0
17312.0,3,644.3000000000001,214.76666666666668,100,0
17314.0,6,2177.5499999999993,362.9249999999999,20,1
17315.0,34,5349.629999999993,157.34205882352921,8,1
17317.0,3,2600.34,866.7800000000001,8,0
17320.0,3,1200.6200000000001,400.2066666666667,62,0
17321.0,1,659.6099999999997,659.6099999999997,29,0
17323.0,5,696.0700000000004,139.21400000000008,23,1
17324.0,2,702.23,351.115,293,1
17325.0,1,96.8,96.8,242,0
17329.0,1,243.36,243.36,277,1
17330.0,1,264.9,264.9,29,1
17331.0,1,175.2,175.2,85,0
17333.0,1,494.24999999999994,494.24999999999994,47,0
17334.0,2,307.02,153.51,264,0
17337.0,4,2027.8700000000028,506.9675000000007,113,0
17338.0,7,5207.019999999994,743.8599999999991,76,1
17339.0,2,243.36,121.68,56,0
17340.0,10,8459.499999999998,845.9499999999998,42,1
17341.0,3,781.3600000000001,260.4533333333334,118,0
17343.0,1,193.64000000000004,193.64000000000004,317,0
17344.0,1,160.56999999999994,160.56999999999994,8,0
17345.0,3,284.12999999999994,94.70999999999998,55,1
17346.0,11,1987.9100000000017,180.71909090909105,12,1
17347.0,1,228.96,228.96,48,0
17348.0,2,660.61,330.305,33,1
17349.0,1,110.75,110.75,141,0
17350.0,2,891.0900000000001,445.5450000000001,7,0
17351.0,2,427.29999999999995,213.64999999999998,131,1
17353.0,2,1740,870,91,0
17354.0,1,1393.06,1393.06,12,0
17356.0,1,178.22,178.22,273,0
17358.0,2,365.85000000000014,182.92500000000007,265,0
17360.0,1,330.94999999999993,330.94999999999993,146,1
17361.0,3,488.19999999999993,162.73333333333332,11,0
17362.0,2,312.22999999999996,156.11499999999998,201,0
17364.0,6,2633.8100000000013,438.96833333333353,99,1
17365.0,7,4375.189999999995,625.0271428571422,12,1
17367.0,1,168.39999999999998,168.39999999999998,200,0
17368.0,6,1635.6699999999994,272.61166666666657,55,1
17370.0,4,446.1799999999999,111.54499999999997,34,0
17371.0,1,97.63,97.63,323,1
17372.0,8,1342.6800000000007,167.8350000000001,2,0
17373.0,4,646.9199999999996,161.7299999999999,2,0
17374.0,2,495.7699999999998,247.8849999999999,180,0
17375.0,3,400.1000000000001,133.3666666666667,161,0
17376.0,2,203.2,101.6,32,0
17377.0,15,3179.5,211.96666666666667,9,1
17381.0,27,19372.009999999987,717.4818518518514,28,1
17382.0,1,65.4,65.4,27,0
17384.0,1,227.65,227.65,181,1
17386.0,5,1697.3400000000001,339.468,61,0
17388.0,4,1259.5600000000004,314.8900000000001,39,0
17389.0,26,13595.540000000003,522.9053846153847,36,1
17391.0,2,508.80000000000007,254.40000000000003,125,0
17392.0,2,457.90999999999997,228.95499999999998,268,0
17394.0,1,203.86999999999998,203.86999999999998,181,0
17396.0,8,7330.799999999998,916.3499999999998,1,0
17398.0,3,653.3799999999999,217.7933333333333,76,0
17400.0,5,2129.96,425.992,88,0
17402.0,11,2034.1500000000003,184.92272727272731,12,1
17404.0,13,30430.339999999997,2340.795384615384,15,1
17405.0,2,883.0099999999992,441.5049999999996,34,0
17406.0,3,2200.420000000001,733.4733333333337,295,0
17408.0,1,32.65,32.65,125,0
17409.0,2,771.85,385.925,146,0
17410.0,3,868.7000000000004,289.5666666666668,20,1
17411.0,2,569.44,284.72,37,1
17412.0,5,870.22,174.044,21,1
17414.0,2,778,389,5,0
17415.0,1,507.84,507.84,41,0
17416.0,6,5878.810000000004,979.8016666666673,39,1
17418.0,2,463.46000000000004,231.73000000000002,4,0
17419.0,9,3125.5500000000006,347.2833333333334,26,1
17420.0,3,598.83,199.61,12,0
17422.0,5,1698.9699999999998,339.794,55,1
17423.0,2,698.4100000000003,349.20500000000015,8,0
17425.0,1,688.9699999999997,688.9699999999997,22,1
17426.0,4,4280.589999999996,1070.147499999999,53,0
17427.0,1,100.8,100.8,33,0
17428.0,24,15924.269999999995,663.5112499999998,6,1
17429.0,3,524.9200000000001,174.97333333333336,90,0
17430.0,1,112.59999999999998,112.59999999999998,327,1
17431.0,1,403.30000000000007,403.30000000000007,275,0
17433.0,1,303.15999999999997,303.15999999999997,50,0
17434.0,2,827.4900000000001,413.74500000000006,12,1
17436.0,1,122.39999999999999,122.39999999999999,188,0
17438.0,1,388.45000000000005,388.45000000000005,215,0
17440.0,3,186.42,62.13999999999999,118,0
17442.0,5,1921.6900000000005,384.3380000000001,55,1
17443.0,1,534.24,534.24,181,0
17444.0,3,2940.0399999999977,980.0133333333325,109,0
17446.0,2,120.90000000000002,60.45000000000001,138,0
17447.0,2,541.5300000000001,270.76500000000004,2,0
17449.0,6,2095.1699999999996,349.19499999999994,7,0
17450.0,35,165118.94,4717.684,1,1
17451.0,4,1050.2499999999998,262.56249999999994,18,1
17453.0,1,342,342,26,1
17454.0,4,517.53,129.3825,154,0
17455.0,1,131.70000000000002,131.70000000000002,165,0
17456.0,1,249.85999999999996,249.85999999999996,327,0
17457.0,5,1737.6999999999998,347.53999999999996,88,0
17459.0,2,657.3,328.65,5,0
17460.0,6,622.4299999999998,103.7383333333333,56,0
17462.0,2,675.6899999999999,337.84499999999997,22,0
17463.0,4,1698.1000000000006,424.52500000000015,11,1
17464.0,1,289.96000000000004,289.96000000000004,120,0
17466.0,1,460.41000000000014,460.41000000000014,40,1
17469.0,4,1492.0699999999988,373.0174999999997,34,1
17470.0,5,1125.0700000000006,225.01400000000012,6,0
17472.0,3,710.2900000000002,236.7633333333334,153,0
17475.0,1,194.36999999999998,194.36999999999998,41,0
17480.0,1,511.81999999999994,511.81999999999994,39,0
17481.0,1,260.63,260.63,55,1
17483.0,3,414.03999999999996,138.01333333333332,27,0
17486.0,1,396.87000000000006,396.87000000000006,223,0
17489.0,2,376.63999999999993,188.31999999999996,20,0
17490.0,4,1321.22,330.305,26,0
17491.0,7,2423.619999999999,346.2314285714284,36,1
17492.0,1,374.57,374.57,210,0
17496.0,1,271.04999999999995,271.04999999999995,320,0
17498.0,1,272.21999999999997,272.21999999999997,37,0
17499.0,1,622.88,622.88,251,0
17501.0,2,288.59999999999997,144.29999999999998,182,0
17504.0,9,2997.0299999999997,333.00333333333333,168,0
17505.0,2,1145.8399999999997,572.9199999999998,123,0
17506.0,1,302.20000000000005,302.20000000000005,37,0
17507.0,2,605.5799999999999,302.78999999999996,223,0
17508.0,1,387.30999999999995,387.30999999999995,242,0
17509.0,8,6115.140000000001,764.3925000000002,19,0
17511.0,26,70160.83999999991,2698.4938461538427,6,1
17512.0,9,2473.3100000000018,274.81222222222243,13,1
17513.0,1,513.2,513.2,34,0
17514.0,1,208.65000000000003,208.65000000000003,90,0
17515.0,3,571.37,190.45666666666668,168,1
17516.0,4,608.8500000000001,152.21250000000003,81,1
17517.0,1,153.94,153.94,270,0
17519.0,5,1488,297.6,95,1
17520.0,1,546.81,546.81,15,0
17521.0,2,497.75,248.875,27,1
17522.0,4,912.2499999999998,228.06249999999994,100,0
17524.0,1,145,145,323,0
17525.0,1,422.70000000000005,422.70000000000005,321,0
17526.0,3,872.8000000000001,290.93333333333334,252,0
17527.0,4,939.37,234.8425,15,0
17528.0,5,2511.739999999998,502.3479999999996,5,1
17530.0,8,1990.4900000000018,248.81125000000023,5,1
17531.0,1,296.70000000000005,296.70000000000005,152,0
17534.0,1,223.36,223.36,15,0
17535.0,1,164.4,164.4,242,0
17536.0,1,76.5,76.5,139,0
17537.0,1,630.7000000000003,630.7000000000003,265,1
17540.0,1,268.8,268.8,278,1
17542.0,1,170.75000000000006,170.75000000000006,231,0
17545.0,3,645.96,215.32000000000002,5,0
17548.0,1,103.3,103.3,195,0
17549.0,1,28.2,28.2,13,1
17550.0,3,267.1600000000001,89.05333333333336,159,0
17551.0,1,306.84,306.84,321,0
17552.0,4,930.41,232.6025,22,0
17553.0,1,1487.6,1487.6,91,0
17554.0,3,1460.0300000000004,486.6766666666668,21,1
17555.0,1,195.44999999999996,195.44999999999996,296,1
17556.0,1,157.89999999999998,157.89999999999998,167,0
17557.0,2,439.16,219.58,6,1
17560.0,5,854.9499999999999,170.98999999999998,56,0
17562.0,6,956.6800000000001,159.4466666666667,13,1
17564.0,2,243.45999999999995,121.72999999999998,6,1
17567.0,7,3913.4800000000005,559.0685714285715,19,0
17569.0,1,344.13999999999993,344.13999999999993,294,0
17571.0,4,1498.5100000000016,374.6275000000004,12,0
17572.0,4,226.75000000000003,56.68750000000001,33,0
17573.0,2,182.20999999999995,91.10499999999998,47,1
17574.0,1,185.65000000000003,185.65000000000003,204,0
17576.0,17,3095.15,182.06764705882352,14,1
17578.0,1,143.45999999999998,143.45999999999998,180,0
17579.0,2,270.86,135.43,99,0
17580.0,3,215.72000000000003,71.90666666666668,214,0
17581.0,19,8378.07,440.95105263157893,40,1
17582.0,1,175.26999999999998,175.26999999999998,198,0
17584.0,1,749.4499999999999,749.4499999999999,89,1
17585.0,4,1133.07,283.2675,71,0
17588.0,3,1240.1999999999998,413.3999999999999,62,0
17589.0,4,2404.1700000000005,601.0425000000001,22,0
17590.0,1,349.38,349.38,2,1
17591.0,7,2225.97,317.99571428571426,35,0
17593.0,4,3249.1399999999994,812.2849999999999,53,0
17594.0,2,993.18,496.59,47,0
17596.0,6,2532.7600000000007,422.1266666666668,7,1
17597.0,1,2044.3700000000001,2044.3700000000001,175,0
17601.0,1,116.01,116.01,201,0
17602.0,4,3244.9199999999983,811.2299999999996,5,1
17603.0,1,394.72,394.72,40,0
17604.0,2,309.3599999999999,154.67999999999995,179,0
17609.0,5,1112.2199999999998,222.44399999999996,2,0
17611.0,11,3135.620000000003,285.0563636363639,4,1
17612.0,6,2048.4499999999994,341.40833333333325,15,0
17613.0,12,4262.25,355.1875,5,1
17614.0,1,390.06999999999994,390.06999999999994,19,0
17615.0,3,329.6,109.86666666666667,92,0
17616.0,3,571.2,190.4,135,0
17618.0,2,666.78,333.39,210,0
17619.0,1,218.52000000000004,218.52000000000004,274,0
17620.0,1,81.44,81.44,21,0
17621.0,2,901.7800000000002,450.8900000000001,274,1
17624.0,1,400.30000000000007,400.30000000000007,180,1
17625.0,3,1619.2000000000003,539.7333333333335,13,1
17628.0,1,75.75,75.75,43,0
17629.0,6,1392.1699999999996,232.02833333333328,28,1
17630.0,2,503.5999999999999,251.79999999999995,131,0
17631.0,2,416.5,208.25,99,0
17633.0,3,1004.4999999999999,334.8333333333333,33,1
17634.0,8,2228.31,278.53875,9,1
17637.0,1,338.95000000000005,338.95000000000005,77,1
17639.0,1,108.5,108.5,238,0
17640.0,1,621.66,621.66,48,0
17642.0,2,712.29,356.145,81,0
17643.0,1,101.55000000000001,101.55000000000001,335,0
17644.0,8,2132.67,266.58375,40,1
17646.0,3,1008.3899999999999,336.12999999999994,181,0
17647.0,1,133.06,133.06,27,0
17648.0,4,1797.5,449.375,22,0
17649.0,1,868.4899999999999,868.4899999999999,100,0
17651.0,8,3349.770000000001,418.7212500000001,2,1
17652.0,10,4418.28,441.828,5,1
17653.0,2,343.34,171.67,61,1
17654.0,1,117.55000000000001,117.55000000000001,239,0
17655.0,6,2191.200000000001,365.2000000000002,2,1
17656.0,5,1674.69,334.938,35,0
17658.0,1,317.6000000000001,317.6000000000001,173,1
17659.0,10,1961.8900000000008,196.18900000000008,21,1
17660.0,1,196.00000000000003,196.00000000000003,103,0
17663.0,5,1287.81,257.562,46,1
17664.0,1,326.18999999999994,326.18999999999994,174,1
17666.0,1,409.08,409.08,27,0
17667.0,5,2055.5099999999993,411.10199999999986,28,0
17669.0,7,3406.7200000000007,486.6742857142858,4,0
17670.0,1,205.70000000000005,205.70000000000005,189,0
17671.0,3,1098.5499999999997,366.1833333333332,119,1
17672.0,2,3178.1700000000014,1589.0850000000007,12,0
17673.0,5,1516.6500000000005,303.3300000000001,28,0
17674.0,2,551.04,275.52,36,0
17675.0,26,15889.490000000007,611.1342307692311,1,1
17676.0,5,1040.0800000000002,208.01600000000002,20,0
17677.0,26,14599.109999999991,561.5042307692304,5,1
17678.0,1,298.11,298.11,225,0
17679.0,2,1992.1100000000001,996.0550000000001,14,0
17682.0,5,1899.3500000000006,379.8700000000001,77,1
17684.0,1,239.40999999999997,239.40999999999997,5,0
17685.0,6,2799.13,466.5216666666667,50,1
17686.0,6,5110.090000000003,851.6816666666672,42,0
17690.0,13,3984.3199999999997,306.4861538461538,7,1
17691.0,2,290.4,145.2,320,0
17692.0,4,740.9400000000002,185.23500000000004,89,0
17693.0,1,200.47,200.47,99,0
17694.0,1,283.12,283.12,103,0
17695.0,2,765.34,382.67,93,0
17696.0,7,1915.5900000000004,273.65571428571434,70,1
17697.0,1,338.95,338.95,198,0
17698.0,1,154.95,154.95,222,0
17700.0,3,1681.8299999999997,560.6099999999999,56,1
17701.0,1,417.95,417.95,214,0
17702.0,3,1338.77,446.25666666666666,70,1
17703.0,2,490.95999999999987,245.47999999999993,71,1
17704.0,2,885.1900000000003,442.59500000000014,130,0
17705.0,7,1191.9199999999998,170.2742857142857,36,1
17706.0,16,9728.649999999998,608.0406249999999,6,0
17707.0,2,152.39999999999998,76.19999999999999,147,0
17708.0,2,267.07999999999987,133.53999999999994,149,0
17709.0,1,137.45000000000002,137.45000000000002,131,0
17711.0,1,220.52999999999997,220.52999999999997,251,1
17712.0,1,522.9100000000001,522.9100000000001,6,0
17714.0,1,153,153,282,0
17715.0,1,326.4,326.4,162,0
17716.0,9,5002.310000000001,555.8122222222223,37,1
17718.0,1,139.35,139.35,194,0
17719.0,14,5088.900000000001,363.4928571428572,37,1
17720.0,3,887.6000000000001,295.86666666666673,75,1
17722.0,4,2424.0400000000004,606.0100000000001,58,0
17723.0,6,3276.4,546.0666666666667,89,0
17724.0,3,1033.0000000000002,344.3333333333334,33,0
17725.0,10,3119.750000000001,311.9750000000001,2,1
17728.0,2,2288.160000000001,1144.0800000000006,27,1
17730.0,11,4310.769999999999,391.8881818181817,4,1
17731.0,4,1240.11,310.0275,41,0
17732.0,1,303.9700000000001,303.9700000000001,334,0
17733.0,1,216.95,216.95,223,1
17734.0,3,700.6300000000001,233.54333333333338,15,0
17735.0,17,11653.709999999997,685.5123529411763,27,1
17736.0,2,347.43999999999994,173.71999999999997,4,1
17737.0,1,87.39,87.39,20,1
17738.0,3,1571.4900000000005,523.8300000000002,110,1
17739.0,5,2047.58,409.51599999999996,27,1
17742.0,2,355.11,177.555,75,0
17744.0,4,1288.9599999999996,322.2399999999999,212,1
17746.0,1,110.25,110.25,202,0
17747.0,1,71.4,71.4,74,0
17749.0,2,674.52,337.26,140,0
17750.0,7,1543.1299999999999,220.44714285714284,18,1
17752.0,1,80.64,80.64,321,0
17754.0,3,949.56,316.52,27,1
17757.0,23,3961.0199999999963,172.21826086956506,15,1
17758.0,6,2772.9899999999984,462.16499999999974,14,1
17759.0,2,167.14999999999998,83.57499999999999,131,1
17760.0,1,172.54,172.54,335,1
17763.0,1,15,15,225,0
17764.0,2,818.8200000000004,409.4100000000002,12,0
17765.0,3,371.87999999999994,123.95999999999998,120,0
17768.0,1,411.3299999999999,411.3299999999999,128,1
17769.0,6,2643.49,440.58166666666665,16,1
17770.0,5,1143.2699999999998,228.65399999999994,160,0
17771.0,2,245.80999999999997,122.90499999999999,18,0
17774.0,4,1225.41,306.3525,58,0
17775.0,1,56.4,56.4,216,0
17777.0,2,450.94999999999993,225.47499999999997,1,1
17779.0,2,489.51,244.755,49,1
17781.0,2,188.01999999999998,94.00999999999999,121,0
17783.0,2,283.47,141.735,34,0
17785.0,1,131.94,131.94,15,0
17786.0,2,278.73999999999995,139.36999999999998,47,0
17787.0,4,1865.1899999999991,466.2974999999998,114,0
17788.0,2,1117.9,558.95,35,0
17789.0,1,225.90000000000003,225.90000000000003,243,0
17790.0,13,1692.040000000001,130.15692307692316,23,1
17795.0,2,350.39,175.195,141,0
17796.0,4,697.9000000000002,174.47500000000005,2,0
17797.0,1,272.4099999999999,272.4099999999999,144,1
17799.0,9,2531.7500000000005,281.3055555555556,61,1
17800.0,8,1071.71,133.96375,11,1
17802.0,3,1285.0399999999995,428.3466666666665,44,0
17805.0,1,512.3100000000001,512.3100000000001,35,0
17809.0,10,4975.51,497.55100000000004,18,1
17811.0,31,6065.159999999993,195.6503225806449,8,1
17812.0,1,217.54999999999998,217.54999999999998,330,1
17813.0,3,1353.1900000000023,451.0633333333341,19,1
17816.0,3,30.32,10.106666666666667,27,1
17817.0,2,269.7,134.85,239,0
17819.0,7,3704.8699999999994,529.2671428571427,33,0
17824.0,1,298.40000000000003,298.40000000000003,13,0
17827.0,4,1583.8100000000002,395.95250000000004,204,0
17828.0,3,1076.66,358.8866666666667,71,1
17829.0,1,889.2400000000001,889.2400000000001,260,0
17830.0,2,287.65000000000003,143.82500000000002,223,0
17832.0,1,155.3700000000001,155.3700000000001,11,0
17836.0,1,110.20999999999998,110.20999999999998,9,0
17837.0,8,1593.38,199.1725,4,0
17838.0,4,2312.700000000001,578.1750000000003,51,1
17839.0,1,338.8,338.8,4,0
17841.0,104,31291.680000000437,300.8815384615427,1,1
17843.0,1,205.48000000000002,205.48000000000002,265,0
17844.0,1,51.56,51.56,68,0
17846.0,1,2033.1,2033.1,47,0
17848.0,9,901.2,100.13333333333334,43,0
17849.0,4,605.8,151.45,180,0
17850.0,34,5391.21000000001,158.56500000000028,334,0
17854.0,2,311.26,155.63,147,0
17855.0,1,208.97,208.97,334,0
17856.0,3,1142.63,380.8766666666667,195,0
17857.0,16,18479.519999999997,1154.9699999999998,7,1
17858.0,11,4391.939999999998,399.26727272727254,15,0
17859.0,1,148.21,148.21,266,0
17860.0,1,252.79999999999995,252.79999999999995,330,0
17861.0,5,1301.570000000001,260.3140000000002,98,1
17862.0,1,330.9,330.9,285,0
17863.0,6,3160,526.6666666666666,21,0
17864.0,2,480.71999999999986,240.35999999999993,51,1
17865.0,19,9395.580000000005,494.50421052631606,6,1
17866.0,1,329.65000000000003,329.65000000000003,104,0
17867.0,4,957.4800000000001,239.37000000000003,105,1
17869.0,5,428.1799999999999,85.63599999999998,69,0
17870.0,9,1110.3100000000002,123.3677777777778,7,1
17871.0,1,155.89999999999998,155.89999999999998,166,0
17873.0,5,1859.1600000000003,371.83200000000005,42,0
17874.0,6,683.4600000000002,113.91000000000003,147,0
17877.0,1,237.60999999999999,237.60999999999999,132,0
17878.0,1,379.45,379.45,5,0
17879.0,1,178.51999999999998,178.51999999999998,135,0
17880.0,1,458.92,458.92,326,0
17881.0,1,133.35,133.35,266,0
17883.0,2,197.79999999999998,98.89999999999999,48,1
17884.0,3,602.8399999999999,200.94666666666663,273,0
17886.0,2,396.25999999999993,198.12999999999997,172,1
17887.0,1,111.35000000000001,111.35000000000001,91,0
17888.0,6,616.55,102.75833333333333,21,1
17889.0,2,203.86999999999998,101.93499999999999,174,0
17890.0,2,602.0899999999999,301.04499999999996,284,0
17891.0,1,203.86000000000004,203.86000000000004,124,0
17892.0,3,244.09999999999997,81.36666666666666,18,0
17893.0,1,112.25000000000003,112.25000000000003,187,0
17894.0,8,1119.8100000000002,139.97625000000002,33,0
17895.0,1,98,98,6,0
17897.0,3,566.5999999999999,188.86666666666665,134,0
17898.0,2,152.06000000000003,76.03000000000002,47,0
17899.0,1,155.8,155.8,121,0
17900.0,2,112.19999999999999,56.099999999999994,152,0
17905.0,4,800.2400000000001,200.06000000000003,33,0
17906.0,1,72.89999999999999,72.89999999999999,209,0
17908.0,1,243.2799999999999,243.2799999999999,335,0
17912.0,5,311.01000000000005,62.20200000000001,272,0
17913.0,2,411.6,205.8,20,0
17917.0,3,341.28,113.75999999999999,7,0
17919.0,1,1304.04,1304.04,50,0
17920.0,11,2885.7000000000035,262.33636363636396,15,1
17921.0,4,826.5199999999998,206.62999999999994,26,0
17923.0,1,207.50000000000003,207.50000000000003,244,0
17924.0,5,2669.9400000000005,533.988,1,1
17925.0,1,244.08,244.08,334,0
17926.0,2,397.2899999999999,198.64499999999995,95,0
17928.0,2,212.54000000000002,106.27000000000001,7,0
17929.0,3,707,235.66666666666666,74,1
17930.0,4,1313.6399999999999,328.40999999999997,26,1
17931.0,2,408.35999999999984,204.17999999999992,96,0
17932.0,2,934.51,467.255,135,1
17934.0,2,704.2499999999999,352.12499999999994,13,0
17935.0,2,145.79,72.895,100,0
17937.0,5,3614.5199999999995,722.9039999999999,76,1
17939.0,1,99.14,99.14,121,0
17940.0,10,4106.4400000000005,410.64400000000006,11,0
17941.0,1,304.56,304.56,92,0
17946.0,2,149.57999999999998,74.78999999999999,195,0
17948.0,1,358.56000000000006,358.56000000000006,109,0
17949.0,39,54915.75999999999,1408.0964102564099,4,1
17950.0,3,482.19999999999993,160.73333333333332,34,0
17951.0,3,1008.5400000000003,336.1800000000001,1,0
17954.0,11,2039.7600000000023,185.43272727272748,30,0
17955.0,4,557.3,139.325,160,0
17956.0,1,12.75,12.75,211,0
17957.0,1,111.67999999999998,111.67999999999998,28,0
17958.0,1,508.4599999999999,508.4599999999999,78,0
17960.0,1,73.78,73.78,133,0
17961.0,36,1269.8900000000012,35.27472222222226,32,1
17962.0,1,102.82999999999998,102.82999999999998,104,0
17964.0,1,261.75999999999993,261.75999999999993,334,1
17965.0,13,2319.500000000001,178.423076923077,21,1
17966.0,4,594.4300000000001,148.60750000000002,113,1
17967.0,1,123.07000000000002,123.07000000000002,333,0
17968.0,1,277.3499999999998,277.3499999999998,335,0
17969.0,2,228.2,114.1,128,0
17970.0,1,582.5899999999999,582.5899999999999,173,0
17972.0,1,136.04,136.04,203,0
17973.0,1,337.0399999999999,337.0399999999999,13,0
17974.0,2,308.3199999999998,154.1599999999999,6,1
17975.0,12,4241.19,353.43249999999995,25,1
17976.0,1,353.1900000000001,353.1900000000001,334,0
17978.0,1,300.91999999999996,300.91999999999996,327,0
17979.0,3,504.53999999999974,168.17999999999992,130,1
17980.0,3,811.4499999999998,270.4833333333333,127,0
17984.0,1,152.68,152.68,107,0
17986.0,1,20.8,20.8,18,0
17987.0,1,198.57,198.57,147,0
17988.0,5,146.00000000000003,29.200000000000006,79,1
17990.0,3,630.84,210.28,198,0
17991.0,2,93.35,46.675,187,0
17994.0,4,678.49,169.6225,83,0
17995.0,1,76.1,76.1,243,0
17997.0,8,1970.6700000000017,246.3337500000002,36,0
17999.0,1,190.33999999999995,190.33999999999995,328,1
18001.0,1,252.22999999999996,252.22999999999996,48,1
18004.0,1,169.46999999999997,169.46999999999997,324,0
18005.0,1,139.97,139.97,9,0
18008.0,9,2116.1900000000005,235.13222222222228,32,0
18009.0,1,257.3400000000001,257.3400000000001,197,0
18010.0,1,174.79999999999998,174.79999999999998,218,0
18011.0,1,102.79,102.79,335,0
18013.0,2,187.29,93.645,117,0
18016.0,4,1113.31,278.3275,36,1
18017.0,3,523,174.33333333333334,43,0
18018.0,2,122.14,61.07,70,0
18019.0,1,38.45,38.45,13,0
18024.0,2,389.77999999999986,194.88999999999993,114,0
18027.0,1,115.31,115.31,60,0
18030.0,1,121.1,121.1,4,0
18032.0,1,73.5,73.5,296,0
18033.0,1,97.97000000000003,97.97000000000003,27,0
18035.0,2,490.84000000000003,245.42000000000002,5,1
18036.0,2,254.53999999999996,127.26999999999998,67,1
18037.0,6,70.02000000000001,11.670000000000002,116,0
18040.0,1,239,239,207,1
18041.0,18,3575.050000000002,198.613888888889,32,1
18042.0,1,165.04999999999998,165.04999999999998,15,0
18043.0,2,451.80999999999983,225.90499999999992,168,1
18044.0,8,1537.4999999999998,192.18749999999997,49,1
18045.0,1,189.39999999999998,189.39999999999998,7,0
18048.0,2,172.29000000000002,86.14500000000001,165,0
18050.0,1,74.4,74.4,321,0
18053.0,1,300.02,300.02,32,0
18055.0,9,5920.4199999999955,657.824444444444,1,0
18056.0,1,363.6499999999999,363.6499999999999,250,0
18059.0,2,219.86,109.93,6,1
18061.0,9,2027.0099999999995,225.22333333333327,27,1
18062.0,3,720.5200000000001,240.17333333333337,135,0
18064.0,2,814,407,95,0
18065.0,11,1949.1900000000007,177.19909090909098,48,0
18066.0,1,318,318,37,0
18067.0,1,396.33000000000004,396.33000000000004,2,0
18068.0,1,101.69999999999999,101.69999999999999,251,0
18069.0,4,1781.9700000000012,445.4925000000003,50,1
18071.0,2,452.99999999999994,226.49999999999997,219,0
18072.0,1,247.44000000000003,247.44000000000003,147,0
18073.0,12,3877.520000000002,323.12666666666684,76,0
18074.0,1,489.6,489.6,335,0
18075.0,9,2257.77,250.86333333333334,21,1
18077.0,9,2041.8099999999995,226.86777777777772,5,1
18078.0,2,336.12999999999994,168.06499999999997,179,0
18079.0,4,3651.969999999996,912.992499999999,7,0
18080.0,1,841.4999999999999,841.4999999999999,204,1
18081.0,2,208.04999999999998,104.02499999999999,74,1
18085.0,2,689.9499999999999,344.97499999999997,292,0
18086.0,1,101.34,101.34,236,0
18087.0,2,4055.7199999999993,2027.8599999999997,60,0
18088.0,1,167.66999999999996,167.66999999999996,23,0
18092.0,9,7155.5199999999995,795.0577777777777,48,1
18093.0,4,2106.519999999999,526.6299999999998,55,0
18094.0,7,3017.2999999999997,431.0428571428571,43,0
18095.0,2,580.0500000000001,290.02500000000003,274,0
18096.0,2,622.7099999999992,311.3549999999996,19,1
18097.0,5,2011.4000000000008,402.28000000000014,88,0
18099.0,1,168.31,168.31,89,0
18101.0,1,110.23000000000002,110.23000000000002,105,1
18102.0,51,232840.6800000001,4565.503529411767,11,1
18106.0,1,430.69999999999993,430.69999999999993,291,0
18108.0,1,271,271,216,0
18109.0,21,5874.7199999999975,279.7485714285713,9,1
18112.0,1,196.64000000000001,196.64000000000001,128,1
18113.0,1,76.32000000000001,76.32000000000001,330,0
18114.0,1,220.1,220.1,252,0
18116.0,8,1418.0300000000013,177.25375000000017,29,0
18118.0,23,4991.789999999983,217.0343478260862,6,1
18119.0,1,181.11999999999998,181.11999999999998,329,0
18120.0,1,111.15000000000002,111.15000000000002,176,0
18121.0,2,673.1,336.55,111,0
18122.0,3,764.0100000000003,254.6700000000001,16,1
18125.0,3,945.1399999999998,315.04666666666657,163,1
18126.0,1,206.83000000000007,206.83000000000007,22,0
18127.0,1,139.6,139.6,95,1
18129.0,1,112.55000000000001,112.55000000000001,205,0
18130.0,1,313.86,313.86,19,1
18133.0,1,931.4999999999999,931.4999999999999,174,0
18135.0,2,233.47,116.735,42,1
18136.0,3,784.33,261.4433333333333,25,0
18138.0,1,152.65,152.65,257,0
18142.0,2,1019.5200000000001,509.76000000000005,119,0
18143.0,2,1000.1600000000003,500.08000000000015,78,0
18144.0,10,2341.7499999999995,234.17499999999995,40,1
18145.0,3,2103.2500000000005,701.0833333333335,49,1
18146.0,2,160.35,80.175,102,0
18147.0,2,179.34,89.67,7,0
18149.0,3,612.0799999999999,204.02666666666664,12,0
18150.0,2,413.2799999999999,206.63999999999996,102,1
18151.0,2,653.35,326.675,96,0
18154.0,1,220.49,220.49,5,0
18155.0,3,371.62,123.87333333333333,37,0
18156.0,1,206.22999999999996,206.22999999999996,331,1
18158.0,1,343.79999999999995,343.79999999999995,50,1
18159.0,1,530.1500000000002,530.1500000000002,263,0
18160.0,2,638.0599999999998,319.0299999999999,19,0
18161.0,4,1156.6899999999998,289.17249999999996,26,1
18165.0,1,302.46000000000004,302.46000000000004,139,0
18167.0,1,498.48,498.48,67,1
18168.0,6,1169.9400000000005,194.9900000000001,138,0
18169.0,1,202.65,202.65,22,0
18170.0,2,655.5100000000002,327.7550000000001,74,1
18171.0,5,1231.31,246.262,20,0
18172.0,14,6373.440000000002,455.2457142857144,40,1
18173.0,4,2106.84,526.71,48,0
18176.0,1,476.34999999999997,476.34999999999997,320,0
18177.0,5,1037.8199999999997,207.56399999999994,119,1
18178.0,4,1590.81,397.7025,90,0
18179.0,5,1572.5900000000004,314.5180000000001,15,1
18180.0,5,1533.0200000000002,306.60400000000004,21,0
18183.0,2,632.0699999999999,316.03499999999997,189,0
18185.0,1,304.24999999999994,304.24999999999994,211,0
18188.0,2,1608.2800000000004,804.1400000000002,39,1
18189.0,2,1090.2399999999998,545.1199999999999,39,0
18190.0,2,284.46000000000004,142.23000000000002,154,0
18191.0,1,207.79999999999998,207.79999999999998,223,0
18192.0,1,957.9699999999998,957.9699999999998,33,0
18193.0,1,243.76000000000005,243.76000000000005,127,0
18194.0,1,973.84,973.84,44,0
18196.0,2,689.1300000000002,344.5650000000001,57,0
18198.0,15,4804.030000000002,320.2686666666668,33,1
18200.0,1,163.79999999999998,163.79999999999998,68,0
18202.0,3,1396.9900000000007,465.6633333333336,161,0
18203.0,1,160.41999999999996,160.41999999999996,119,0
18204.0,3,1993.7000000000019,664.5666666666673,33,0
18205.0,1,225.76000000000002,225.76000000000002,36,1
18210.0,2,1400.7700000000002,700.3850000000001,13,1
18211.0,4,550.8699999999999,137.71749999999997,5,1
18212.0,1,248.41999999999993,248.41999999999993,288,0
18213.0,1,232.48000000000002,232.48000000000002,198,0
18215.0,1,299.34,299.34,51,0
18217.0,1,317.8999999999999,317.8999999999999,32,1
18218.0,2,662.08,331.04,173,0
18219.0,9,1827.4000000000005,203.0444444444445,5,1
18220.0,1,305.28000000000003,305.28000000000003,188,0
18221.0,4,878.66,219.665,26,1
18222.0,1,442.99999999999994,442.99999999999994,54,0
18223.0,13,5905.820000000002,454.29384615384635,1,1
18224.0,1,158.95000000000005,158.95000000000005,225,0
18225.0,9,4452.140000000002,494.68222222222244,5,1
18226.0,11,5228.050000000004,475.2772727272731,6,1
18227.0,1,93.75,93.75,179,0
18228.0,2,779.9000000000001,389.95000000000005,18,0
18229.0,17,6176.600000000002,363.32941176470604,20,1
18230.0,5,2146.36,429.27200000000005,56,1
18231.0,5,2083.27,416.654,154,0
18232.0,4,592.97,148.2425,43,0
18233.0,1,440,440,287,0
18235.0,3,1796.4800000000002,598.8266666666667,33,0
18236.0,5,773.7399999999998,154.74799999999996,41,1
18237.0,4,861.3499999999998,215.33749999999995,27,0
18239.0,5,1561.6100000000006,312.3220000000001,180,0
18240.0,1,422.58000000000004,422.58000000000004,8,0
18241.0,16,1955.550000000001,122.22187500000007,11,1
18242.0,4,2232.4900000000007,558.1225000000002,34,0
18245.0,6,1672.8099999999988,278.80166666666645,111,0
18246.0,1,232.9,232.9,195,1
18248.0,2,804.0200000000001,402.01000000000005,84,0
18250.0,1,349.27000000000004,349.27000000000004,272,0
18251.0,1,4314.72,4314.72,49,0
18252.0,2,526.6699999999998,263.3349999999999,12,0
18255.0,1,103.3,103.3,51,0
18257.0,8,2337.63,292.20375,1,0
18259.0,2,1268.2000000000005,634.1000000000003,47,1
18260.0,6,2643.1999999999994,440.53333333333325,134,0
18261.0,2,324.23999999999995,162.11999999999998,5,0
18262.0,1,149.48,149.48,102,0
18263.0,2,811.4000000000001,405.70000000000005,117,1
18265.0,2,801.51,400.755,34,0
18268.0,1,25.5,25.5,96,0
18269.0,1,168.59999999999997,168.59999999999997,328,0
18270.0,1,111.95,111.95,228,1
18272.0,5,2710.7000000000003,542.1400000000001,7,0
18273.0,2,153,76.5,57,0
18276.0,1,335.85999999999996,335.85999999999996,5,1
18277.0,1,110.38000000000001,110.38000000000001,20,0
18278.0,1,173.89999999999998,173.89999999999998,35,0
18280.0,1,180.59999999999997,180.59999999999997,239,0
18281.0,1,80.82,80.82,142,0
18282.0,1,100.21,100.21,88,0
18283.0,11,1235.3199999999997,112.30181818181815,5,1
18287.0,3,1837.28,612.4266666666666,4,0
